id,name,dish,ingredient_names,n_ingredients,n_steps,steps
r0000001,西班牙金枪鱼沙拉,金枪鱼沙拉,超市罐头装半盒金枪鱼 | 生菜 | 圣女果 | 黄瓜 | 红柿椒 | 紫洋葱 | 七成熟水煮蛋 | 红酒醋 | 胡椒 | 橄榄油,10,5,"鸡蛋进水煮,七成熟捞出(依个人喜好),同时备其他菜 || 生菜撕片,圣女果开半,黄瓜滚刀,红柿椒切丝,紫洋葱切丝,鸡蛋四均分 || 金枪鱼去水 || 撒黑胡椒,红酒醋和少许橄榄油 || 拌匀,拍照,开动"
r0000002,红烧滩羊肉,,羊肉 | 姜 | 蒜 | 花椒 | 老抽 | 香叶 | 八角 | 干辣椒 | 桂皮 | 料酒 | 盐 | 香菜 | 小洋葱 | 乱泉水,14,8,"滩羊肉在姜水里焯3分钟,姜水里加点料酒去腥 || 再将羊肉反过来焯水2分钟 || 把羊肉切2/3手掌大小,羊肉煮熟后会缩水,所以可以稍微大一点的 || 热油里放入花椒、桂皮、香叶、生姜爆炒30秒,放入切好的羊肉翻炒3分钟左右,把羊肉里面的油煸炒出来,再加入老抽上色,把所有羊肉都上色后加入乱泉水,以漠过羊肉上面为准 || 锅里水烧开后,换成砂锅中火慢炖40分钟 || 分次吃 || 超级软糯 || 加点萝卜进去炖起来,解油腻"
r0000003,香草布里欧修吐司 少油少糖,布里欧修,高筋面粉 | 糖 | 盐 | 开水 | 香草糖 | 酵母 | 淡奶油 | 牛奶 | 奶粉 | 喜甜加量+10~30克香草糖 | 鸡蛋 | 黄油/椰子油 | 可不加葡萄干,13,9,"【香草糖】 500克优质白砂糖+5根香草荚 香草荚剖开,刮出香草籽,切成小段,和白砂糖混合在一起,摇匀,密封保存就做好啦。 各种甜点都能用,自己做真的是物美价廉,使用也超方便,遍布香草籽,做出来的甜品高级感又提升不少。 用的是宜家买的大号玻璃密封罐 没有香草糖的同学可以用香草精代替哦 || 【中种】 所有材料混合,走一个揉面程序,密封发酵1-2小时至2倍大,冷藏24-48小时后使用 【烫种】 粉类混合后,称量开水80克,立即浇入粉中,快速搅拌均匀,密封冷藏24-48小时后使用 || 除黄油外其他所有主面团材料+烫种+撕成小块的中种全部混合后,走一个揉面程序至粗膜状态,加入油类后再来一个揉面程序,揉至手套膜状态。 团圆,密封发酵1小时左右,至两倍大 || 取出轻拍排气,称量后均分成6份,分别团圆,盖上保鲜膜醒发10分钟 || 擀卷一次,继续醒发10分钟 || 擀卷第二次时卷入泡发后吸干水分的葡萄干,排入吐司盒,发酵至8-9分满,预热烤箱175度 || 中间剪开,挤上黄油,175度烤30-35分钟,烤5分钟后盖锡纸哦( ́-ω-`) || 长高高,长胖胖,就是锡纸盖晚了上色深了点 || 来看下截面,松软拉丝香气十足"
r0000004,可可咖啡曲奇,咖啡曲奇,黄油 | 糖粉 | 常温淡奶油25°C左右 | 低筋面粉 | 可可粉 | 速溶咖啡粉 | 玉米淀粉 | 杏仁粉 | 巧克力豆,9,4,"黄油室温软化,加入糖粉搅打均匀 || 分三次加入淡奶油,搅打至淡黄色的羽霜状,不可完全打发 || 把低粉,可可粉,咖啡粉,玉米淀粉,杏仁粉混合后过筛加入(2)中,用刮刀翻拌+压扮均匀。 接着把面糊装入配好裱花嘴的裱花袋中,在烤盘上挤出大小相同的曲奇 || 放入预热好的烤箱内烤20分钟 我的温度是上火180°C,下火170°C,最后几分钟开热风循环一下 时间和温度大家酌情增减哈"
r0000005,西红柿肥牛汤(2人食快手菜),肥牛汤,肥牛 | 西红柿 | 金针菇 | 糖 | 盐 | 耗油 | 生抽 | 番茄酱 | 1嘬香葱,9,5,"先上食材合集。家里剩下一点胡萝卜,所以切了放进去了,实际不必加胡萝卜。西红柿开水烫一下,去皮,切丁备用。胡萝卜切片。金针菇切去头,放盐水里泡几分钟。肥牛切片直接从冷冻室拿出来备用。 || 烧开水,牛肉片滚水下,变色捞出。 || 热锅,放油,烧热后放蒜爆锅。下西红柿翻炒1分钟,后加入水,没过西红柿,愿意喝汤的,可稍微多加水。放入番茄酱1勺,蚝油1勺,生抽2勺,盐6克,冰糖根据个人口味增减调放。加盖儿焖煮5分钟。这里焖煮是必须的,番茄浓汤就是靠焖煮出味儿。 || 喜欢浓浓番茄味儿的,可以稍微再多焖两分钟。开盖后加入金针菇,肥牛片,约焖煮一分钟即可。略翻炒。 || 起锅撒上葱花儿,喜欢麻油的,还可以滴两滴麻油。可香了。一碗香喷喷的西红柿金针菇肥牛片汤就完成了。盛上一碗米饭哇,简直太惬意了。"
r0000006,西葫芦水晶饺,水晶饺,西葫芦 | 杏鲍菇 | 泡发香菇 | 虾米 | 黑胡椒 | 淀粉水 | 盐 | 蚝油 | 水晶饺子粉 | 热水,10,5,"所有材料切成丁,锅内下油放虾米和香菇炒出香味后,把所有材料下锅翻炒,倒少许水稍煮一会,下盐、黑胡椒、蚝油调味,最后淀粉水勾芡至浓稠即可 || 500克粉➕400克热水,一边倒水一边搅拌,确保面粉均匀烫熟,然后揉成面团,静止20分钟 || 我用的是这种粉 || 面团分成均匀大小的剂子,像包饺子样包好,整形无能就捏成这种三角形 || 水开入锅蒸10分钟即可"
r0000007,香肠菜饭,香肠菜饭,大米 | 香肠 | 鸡毛菜 | 盐 | 油 | 水,6,9,"洗净鸡毛菜(用青菜也很好吃,现在是鸡毛菜的时令季节所以我用鸡毛菜代替青菜) || 把香肠切片 || 在锅中放入2勺米,淘洗干净,根据刻度放入适量的水 || 放入切片后的香肠 || 电饭煲插上电源,大屏幕显示了,很华丽哈!我选择来口感-标准,米饭-标准饭,米种-短粒米。按开始按钮就启动啦~ || 电饭煲煮饭的时候,可以将鸡毛菜切断,然后放油,先炒菜梗,大约1-2分钟后,放入菜叶,加入少量的盐,翻炒至熟,然后关火。 || 将煮好的饭与炒熟的鸡毛菜拌匀 || 装盘。香喷喷的菜饭出炉咯~ || 成品图"
r0000008,橙子香蕉 做何炅老师的酸奶蛋糕,酸奶蛋糕,两瓶酸奶 | 全蛋 | 橙子 | 糖 | 盐 | (约40g)面粉 | 香蕉 | 葡萄干 | 坚果碎,9,18,"把用料准备好 || 倒入面粉 || 倒入酸奶 || 放糖和盐(根据个人口味添加) || 打入鸡蛋 || 搅拌均匀,如果你有搅拌器更好,我们还在老家就手动了,但是也不费劲,等下用过滤网过滤就细腻了 || 过滤。我们用茶壶的过滤网,有条件的用专业烘焙的过滤网更好。过滤好放一旁备用,然后拿一个大一点的盘子,洒上第一层葡萄干,香蕉片(切薄一点),然后倒刚才做好的面糊糊,每次倒入的量能盖住葡萄干,香蕉片即可。接着再一层层按这个步骤反复洒上干果,临入面糊,直到全部完成✅ || 最后,铺上保鲜膜 || 放入锅里蒸20分钟 || 成品,是不是很好吃的样子 || 摆盘 || 侧面图 || 倒入酸奶 || 更美味 || 这是我交作业的图,哈哈哈😄 || 喜欢脆脆的味道可以在蛋糕糊糊上,加饼干碎和海苔碎 || 出锅 || 这个是妈妈后来做的增大版,配料是原来的双倍!"
r0000009,炸红薯饼,红薯饼,2红薯 | 面粉 | 淀粉 | 水 | 油,5,5,"红薯切成小方丁,放到盆里加鸡蛋,面粉,水淀粉搅拌均匀(水可少放,要不然红薯会散)也可少放些白糖。 || 用勺子把调好的红薯丁平铺到漏勺上,中间尽量不要漏缝。 || 大火油烧至七成热,把漏勺上的红薯放进去,炸个两分钟左右,调中火炸,红薯饼炸牢固,用筷子把红薯饼从漏勺上慢慢夹下来,继续小火炸至金黄炸透。 || 可以用筷子扎下有没有变软。 || 趁热吃,香软甜脆。"
r0000010,快手烤鸡翅,烤鸡翅,鸡翅 | 生抽 | 料酒 | 老抽 | 蚝油 | 葱 | 姜 | 孜然粉 | 五香粉 | 味好美麻辣火锅调味包,10,5,"鸡翅洗好上面划两刀,所有材料混合,有时间的最好把鸡翅提前腌制好会更入味。 || 烤盘垫锡纸,刷一层薄油防粘,摆盘好,注意鸡翅正面鸡皮疙瘩的一面朝下摆放。如果不知道哪个正面,看图👆🏻 || 烤箱设置190度,时间设置30分钟。 || 烤到10分钟的时候拿出来翻面。这时可以把盘里剩余的料汁再刷一下。继续烤完就好。 || 时间到就好啦,可以出炉了👌🏻"
r0000011,简易版肉臊夹馍,,肉馅 | 面粉 | 几个(香菇最好草菇也可)蘑菇 | 胡萝卜 | 青椒 | 葱,6,10,"准备肉臊的过程可以先将面发上,用不烫手的酵母水和面,面团软硬适中,揉至光滑放温暖处发酵 || 葱,胡萝卜,蘑菇切碎和肉馅儿放在一起,按照个人口味调味 || 我加了料酒,老抽,生抽,香辣酱,糖,姜粉,盐和少量淀粉 || 肉臊调味并搅拌好备用 || 面团发酵到原来的2倍大就可以了 || 面团分成适当大小的剂子,用容器扣上醒一会儿 || 取一个剂子擀成饼状 || 锅中不放油,用中小火把饼两面慢慢烙熟 || 烙的时候如果饼鼓起来,就在表面戳一个小洞,让热气出来就可以了 || 锅中放适量油,烧热后下肉臊,快速滑散翻炒,等肉臊成分明的颗粒状并变色,加一点水烧干即可出锅"
r0000012,小朋友超喜欢的巧克力奶香馒头(自发粉版),巧克力奶,"(雪健自发面粉)自发面粉 | (巧克力牛奶)牛奶 | 白糖 | (雀巢巧克力,可不加)炼乳",4,8,"准备材料 || 把白糖和炼乳倒入温热的牛奶里,搅拌直到白糖化完为止 || 全部搅拌为絮状,如图 || 手揉至盆光、手光,并用保鲜膜盖住,进行第一次醒发(15分钟) || 第一次醒发后按照图片步骤(圆形、对折、再对折进行第二次(15分钟),不过在这之前建议用手揉5-8分钟,可以让馒头更有嚼劲 || 第二次(第二个15分钟)醒发完后,卷成条形,然后用到切成一个一个的长形(如图),放进事先准备好的水温为四十度左右的锅里进行最后一次发酵(根据天气情况约40-60分钟) || 经过一个小时后是不是又变大了许多,可以开🔥啦 || 没有美颜拍摄看起来也有颜值,还有纹路,小伙伴们赶紧试试吧"
r0000013,脆馕烤叫花鸡,花鸡,童子鸡 | 荷叶 | 水 | 耗油 | 高筋面粉 | 鸡蛋 | 白胡椒 | 白糖 | 盐 | 葱姜蒜 | 酵母,11,3,"整鸡泡水3小时以上,直到不出血水 2.整鸡(肚子里塞入葱姜蒜)放入深碗,泡盐水(5勺盐),盐水没过整鸡,泡一整晚。(如喜欢腌渍味道重一点,盐水里还可加入酱油和香料)。泡盐水的目的是为了让鸡肉吸饱水,鸡肉会更鲜嫩多汁。但盐水不可太浓,否则鸡肉会脱水。 3.第二天取出整鸡,抹上耗油和白胡椒,用荷叶包好。 || 高筋面粉、水、盐、鸡蛋、酵母、糖混合揉上劲,夏天室温醒发20分钟。 2.面团擀平,包裹住已经用荷叶包裹的整鸡。再用锡纸或烤箱油纸包裹整个面团鸡。 3.烤箱220°预热,上下火烤30~40分钟。 || 叫花鸡出炉,撬开烤馕外皮,撕开荷叶,夏天的味道扑鼻而来。"
r0000014,减脂早餐-花样吐司,,鸡蛋 | 吐司 | 玉米粒 | 牛奶 | 黑胡椒,5,6,"找一个圆形的磨具 在吐司中间挖出一个洞洞~ || 叠在第二片吐司上 这里我是用的早餐机 没有早餐机的宝宝也可以用煎锅~ || 再中间撒上玉米粒~ 烤2分钟~ || 烤吐司的同时,顺便煎个蛋,烤完蛋吐司和玉米有没有特别有食欲~非常得香脆🤩 我用的是全麦吐司,有减肥经验的宝宝都知道全麦面包是真不好吃,所以一定要换着花样去折腾它~让它变成美味的同时才能让我们在减脂期能吃的幸福的🤗 || 最后美美的摆盘,撒上胡椒粉,完成! ⚠️⚠️⚠️敲黑板: 减脂期的宝宝建议使用现磨胡椒粉呦~ || 可以开动啦🍴"
r0000015,紫菜蛋花汤,紫菜蛋花汤,紫菜 | 鸡精 | 鸡蛋 | 盐 | 醋,5,5,"紫菜用温开水泡发,捞出控水 || 鸡蛋打发 || 起锅烧油,油热放葱花炒香,后加入水,煮沸 || 加入紫菜,加盐,醋,把鸡蛋均匀的倒入锅中,快速搅动,最后加一点点鸡精 || 焖1~2分钟左右,关火盛出 ,完美"
r0000016,酸枣卷,,酸枣 | 白糖 | 盐 | 辣椒粉 | 干紫苏叶,5,2,"酸枣洗干净放入水中,大火煮半小时。去掉核,拿锅铲压成碎泥。 || 酸枣泥中加入白糖➕盐➕干紫苏叶➕辣椒粉搅拌均匀。将搅拌好的酸枣泥压成薄片,放大太阳下暴晒,快干时候卷成长条卷,切成小段即可食用。"
r0000017,水果果冻|健康卫生,,水 | 雪碧 | 吉利丁片 | 细砂糖 | 柠檬汁 | 西瓜 | 奇异果,7,7,"水+细砂糖倒锅里,小火加热至糖融化,关火 || 吉利丁片用冷水泡软后,放入加热好的糖水中,搅拌至完全融化 || 趁温热,在混合好的吉利丁液体中加入柠檬汁,混合均匀 || 待液体冷却后,加入雪碧混合,过滤后成果冻液 || 水果洗净后,切成想要的形状 || 将水果放入容器中,倒入果冻液,入冰箱冷冻至凝结 || 将凝结的果冻取出,用热毛巾在容器外敷10秒左右,就可以脱模享用啦"
r0000018,低糖版~椰奶千层马蹄糕,千层马蹄糕,马蹄粉 | 红片糖 | 冰片糖 | 水 | 椰浆 | 牛奶,6,13,"准备一盒最好的马蹄粉啦!广州人懂的!牛奶一盒、椰浆一罐、红片糖和冰片糖各50克。我不爱太甜,这是低糖版的,喜欢甜的自己随量加糖~ || 生浆——150克马蹄粉加300克水拌匀均匀至没有颗粒状, || 过筛会更细腻 别懒~ || 400克水加入红片糖、冰片糖小火煮至融化 || 红糖层浆——关火!加入一大汤勺生浆,快速搅拌均匀 || 搅拌至粘稠状如图 || 再把剩余的生浆缓缓边搅拌边倒入红糖层浆。 || 椰奶层浆——椰奶400克、牛奶150克、马蹄粉100克,搅拌均匀过筛。这样红糖层浆和椰奶层浆就准备好了 || 全程最大火力,水开后,一勺红糖浆铺均匀,盖上盖子蒸3-4分钟 || 一层椰奶浆,3-4分钟,梅花间竹加入红糖浆和椰奶浆,以此类推~最后一层蒸8分钟,稍微久一点。总共做多少层大家开心就好。第一层和最后一层都用红糖浆会满足强迫症处女座的内心.比如我~ || 要彻底放凉再起糕哦 || 因为没有一把锋利的刀.导致切的不完美!!啊啊啊啊! || 不过家人和自己吃的,就算卖相没有高分,也是美味而快乐满足的~大家元宵节快乐!"
r0000019,水煮鱼,水煮鱼,冷冻去皮巴沙鱼 | 花椒 | 干辣椒 | 大葱 | 姜片 | 独蒜 | 盐 | 淀粉 | 玉米油 | 生抽 | 料酒 | 黑胡椒粉 | 糖 | 四川豆瓣 | 蛋白 | 白芝麻 | 香葱,17,7,"巴沙鱼切片加5克料酒,淀粉,黑胡椒粉,蛋白腌制20分钟 || 花椒和干辣椒入小美主锅5分钟V档速度小勺炒香 || 20秒速度10打碎,倒出一小部分备用,剩余的留在锅里 || 加入玉米油、葱、姜、蒜、豆瓣酱,4分钟V档速度小勺爆香 || 加入500克清水、剩余的10克料酒、生抽、糖设定时间10分钟温度100度反转小勺熬汤底 || 另起一锅烧水,煮熟打底的蔬菜,放入大碗中 || 汤底熬好后快速下入鱼片,用筷子滑散,时间4分钟温度100,反转小勺,音乐响起连汤带鱼全部倒入铺好素菜的碗里;将之前留下备用的辣椒碎撒在面上,再撒上香葱和白芝麻,另起一锅倒入30克菜籽油烧热淋面,上桌开吃。典型的米饭杀手啊😂😂😂"
r0000020,鱼香茄子,鱼香茄子,主料:茄子 | 泡红椒 | 配料:姜 | 1头蒜 | 葱 | 盐 | 酱油 | 白糖、醋 | 湿淀粉 | 高汤 | 菜油,11,2,"将茄子去蒂,洗净,切成长约5厘米,宽、厚约2厘米的条,姜蒜切成末,葱切细丝,泡红辣椒切细丝。 || 炒锅内菜油烧至七成热时,先将茄子下锅炒一炒,然后放泡红辣椒丝、酱油、盐、姜、蒜及汤,烧2分钟;最后下葱丝、白糖、湿淀粉收汁,起锅加醋拌匀即成 。"
r0000021,自制阿胶糕,阿胶糕,东阿阿胶 | 黄酒一瓶 | 红枣去核 | 核桃烤熟 | 芝麻炒熟 | 玫瑰花瓣 | 枸杞 | 冰糖,8,6,"先将阿胶打碎(可用破壁机或刀背),再将黄酒倒入容器中,打碎的阿胶和冰糖一起放入黄酒中,放置24小时,搅拌均匀。 || 将所需配料准备齐全。 || 把泡好的阿胶倒入锅中(有块块没关系) 调小火搅拌至全部融化。 || 完全融化好转中火,锅开后按照摆放顺序一次下锅翻炒,黑芝麻一定要最后放(因为放完黑芝麻 就搅不动了)。 || 找个干净容器,涂抹一层食用油,防止粘。将炒好的阿胶盛到盆中。待凉一会用手将上面按平,凉透放入冰柜。 || 在冰柜中放置2小时,拿出,切成自己喜欢的小块。"
r0000022,鲶鱼烧茄子,烧茄子,鲶鱼 | 长茄子 | 蒜 | 姜 | 葱 | 醋 | 油,7,7,"鲶鱼块洗净、沥干。 || 长茄子成滚刀块,泡清水去涩。 || 姜切末,蒜切片,红椒切圈。 || 大火,油边淋盐防粘锅。 下鲶鱼炒至肉变色 || 加姜、辣椒翻炒。 加料酒、豆瓣酱,炒匀。 || 加茄子,炒匀。 加水少许。盐糖调味。 放蒜片,淋醋。 加盖焖煮至茄熟。 || 大火收汁。 起锅,撒葱花倒炝锅。"
r0000023,白菜炖冻豆腐,白菜炖冻豆腐,白菜 | 冻豆腐 | 瘦猪肉 | 粉条 | 姜 | 香菜 | 小米椒 | 葱白 | 生抽 | 盐 | 植物油 | 胡椒粉,12,12,把大白菜切片装盆备用 || 肉切片备用 || 粉条用清水浸泡一个小时 || 把香菜切成小段、小米椒切圈、葱切成末、姜切丝装盘备用。 || 冻豆腐(解冻)装盘 || 锅底放少许油烧热加入准备好的葱花姜丝(各一半)。 || 放入准备好的肉翻炒.加入3⃣️小勺生抽翻炒。加入适量清水烧开 || 把准备好的白菜🥬和冻豆腐放入锅中 || 大火烧开后白菜🥬五成熟 || 加入粉条(粉条不能放的过早) || 白菜🥬粉条熟了加入2⃣️小勺盐、白胡椒粉、香菜、另一半葱花和姜丝、小米椒。 || 姜味的白菜炖冻豆腐装碗🥣即可食用
r0000024,番茄食蔬打卤面,打卤面,"西红柿 | 面条 | 鸡蛋 | 土豆 | 木耳 | 小块豆腐 | 卷心菜 | 大葱,香葱 | 八角 | 香菜",10,3,"备好用料,鸡蛋提前打散炒碎 || 咕嘟咕嘟... || 剩入装有面条的碗中,撒上香菜"
r0000025,炒意大利面,炒意大利面,意大利面 | 番茄酱 | 辣酱 | 西兰花 | 玉米粒 | 青豆粒 | 土豆,7,9,"准备材料 || 煮面至没有硬芯 || 西兰花过水焯 || 土豆过水焯 || 把面过冷水 || 放番茄酱,辣酱翻炒 || 放豆子和玉米粒 || 可以把菜放到面上伴着吃,也可以加面和菜翻炒,更入味,本人口重,吃法随意! || 出锅"
r0000026,超Q弹的猪皮冻,猪皮冻,猪皮 | 葱姜辣椒八角生抽耗油盐,2,16,"邻居给带来的猪皮 || 凉水下锅,加料酒焯水,肉皮味道重,料酒可以多加一点。 || 水开之后捞入凉水中,这样肉皮就会快速回缩有韧性,刮油脂的时候就会特别的好处理。同时准备一把刀一把镊子,开始刮油脂检查有毛的肉皮拔去。 || 处理干净的肉皮。 || 切小条,用热水清洗几遍控水备用。 || 准备自家吃的调料,如果放花椒的话就用个纱布把调料包起来放锅里煮,方便最后拿出来, || 冷水下锅,调料放进去,加料酒耗油,少量生抽和盐,因为吃的时候是要调料吃的,所以不能咸了。 || 大火🔥煮开 || 撇去浮沫,转小火慢炖一个小时,小火既可以使肉皮熬出胶原蛋白,又不会熬走水份。 || 煮好之后把葱姜等材料捞出来。锅中水多的话就开大火收一下水份。水最后高于肉皮并且有粘稠迹象为止。 || 装入保鲜碗中静等成型。这种天气不用放冰箱,我直接放厨房灶台上打开厨房窗户,很快就凉透了。 || 成型后脱模 || 切成小块 || 调一个自家爱吃的蘸料,我用了蒜泥生抽陈醋盐鸡精白糖香油辣椒油等。 || 蘸料吃,味道还是特别棒的,外面买的有股臭臭的味道,自己做的没有。 || 这是用大葱丝青椒丝凉拌的,也特别好吃。"
r0000027,麻辣鸡爪,麻辣鸡爪,鸡爪 | 一头姜 | 葱 | 花椒 | 麻椒 | 枸杞 | 线椒 | 几个点缀小米蕉,8,15,"买回来的鲜鸡爪冲水,减去指甲,备用! || 凉水下入鸡爪,加入生姜和料酒去腥,水开后煮五分钟左右关火,倒掉血水,冲干净鸡爪上的浮沫,放盆里待用! || 盆里倒入老抽生抽少许,然后搅拌均匀,先把鸡爪腌制10分钟左右!这个时间可以准备小料! || 大葱、姜、线椒、小米椒、大蒜 !切好备用,这些辅料可以根据个人喜好多加或者少加都可以,我喜欢重口味,所以加的都偏多! || 切好配料配大料,冰糖花椒麻椒八角(我家只有这几样大料),为了营养我还加入了枸杞,这个随意! || 准备配菜,我喜欢香菇和豆腐皮! || 凉油下锅放冰糖,不断搅拌至冰糖融化变黄。 || 冰糖全部化开,油稍微变得粘稠就可以加入鸡爪翻炒! || 加入鸡爪翻炒至鸡爪上色,鸡爪放进去遇高温会溅油,一定要做好保护,比如锅盖挡着! || 炒至鸡爪变色加入部分葱姜蒜辣椒炒出香味! || 煸炒出香味后加水高过鸡爪,加入之前准备好的大料及葱姜配料,加入生抽老抽耗油,盐,十三香和鸡精(我喜欢把调料全都提前放进去煮方便入味)然后加入配菜香菇和豆腐皮(配菜随意,看个人喜好) || 加入香菇和豆腐皮! || 水开后换小火慢煮40分钟(时间随意,但是时间越久越入味) || 40分钟之后满屋子青椒的香味... || 装盘试吃,藤椒香味扑鼻,麻辣够味儿!"
r0000028,开胃早餐脆黄瓜,,"白砂糖 | 老陈醋 | 但比老抽多一些。生抽 | 老抽 | 蒜 | 黄瓜 | 少点,适量蚝油 | 花椒 | 可有可无炒熟的花生 | 辣椒 | 可有可无芝麻 | 盐 | 花生油",13,3,"腌好的黄瓜条:把黄瓜洗净,切成段,再切成小的条状,放入适量的盐,拌匀,腌制2小时左右,洗干净,稍微挤干水。 || 酱料的制法:花生油烧热,把切碎的辣椒、蒜末,花椒,熟花生仁(可有可无),芝麻(可有可无),煸炒出香味,再倒入事先拌好的料汁(生抽、老抽、白糖、耗油、老陈醋)混合搅拌,然后关火。 || 等酱料冷却时和黄瓜拌好,放入冰箱冷藏4小时以上,就大功告成啦。我通常都是头天晚上做好,第二天早晨拿出来吃,酸、甜、辣、脆、开胃美味,不要太好吃哦!"
r0000029,【十分钟快手减脂低碳菜谱】雪菜腊肠虾仁香辣炒饭(魔芋米),,腊肠 | 胡萝卜 | 冷冻杂菜 | 洋葱 | 虾仁 | 魔芋米 | 雪菜 | 小米椒 | 一汤勺生抽 | 赤藓糖醇,10,7,"食材全都切好,虾仁加一点生抽和白胡椒粉简单腌制。魔芋米冲洗两次洗掉碱水味。雪菜每日优鲜买的。市场买也可以。 || 喷一层PAM油,然后先加入腊肠,小火煸炒,会出来一点点油。 || 加入雪菜一整袋和切好的小米椒。不能吃辣的别学我,我加了三个没辣死我 吃的时候必须拿元气森林不然根本吃不完 辣到冒烟。耐辣程度不行的加一个就行了。炒出香味,加入其他配菜。 || 除了虾仁以外的配菜倒进去 反复翻炒。 || 炒的差不多了加入虾仁,一直翻炒。 || 虾仁变色快熟了的时候加入魔芋米,一直翻炒。最后加一勺生抽,一点赤藓糖醇(根据口味自己尝一下)。不用额外加盐了,雪菜就是咸的。 || 出锅!这个料太足了,即使魔芋米一种假米饭的口感 但是每一口都能吃到雪菜、虾仁的感觉,让这个饭格外的好吃,吃一整盆真的好撑😂"
r0000030,特香碌鹅-鼓油鹅-酱油鹅-隔壁邻居都知道煮鹅(家庭省油版),,上半边鹅 | 姜片、蒜头、陈皮、八角、香叶 | 酱油半碗、料酒半碗、清水半碗、冰糖、蚝油 | 花生油,4,18,"大料准备好,姜片、蒜头、陈皮、八角、香叶差不多好的时候再放 || 鹅洗净稍沥干水,烧干锅烧热,一定烧热,这样鹅才不会粘锅,不用放油,直接放鹅,鹅皮朝下,转中火 || 煎至皮变色,怕烫到,😉我用剪刀叉着煎 || 如图,煎到皮有点干和上色的样子,盛起 || 去掉锅里煎鹅的油,放入花生油、姜、蒜头爆香 || 再次放入鹅的全部,加约大半碗料酒,一定先加料酒,先加酱油会焦锅的 || 加约大半碗酱油 || 加大半碗清水 || 放入陈皮、八角、冰糖,大火煮开转中小火慢慢煮 || 煮的过程中要经常翻动一下,让其受热均匀和上色 || 煮的过程中要翻动一下,让其受热均匀和上色后加入香叶 || 慢火细熬 || 差不多半小时的时候,放入蚝油翻动一下,先盛起小件的 || 鹅身继续小煮一会儿 || 全部盛起来待凉,过滤香料的酱油 || 砍小块 || 淋上酱汁即可享用美食啦 || 嘻嘻😁来一个鹅汁捞面"
r0000031,顺德头菜蒸肉饼,蒸肉饼,猪肉 | 大头菜 | 黑椒汁 | 花生油 | 小米辣 | 红薯粉 | 姜末 | 小葱 | 生抽 | 盐,10,12,"顺德人制作的大头菜,一看就知道好!这次蒸肉饼的头菜,只取这个三份之一,30克。 || 大头菜洗净剁碎备用。 小米辣和小葱洗净切好备用(最后做点缀用😘)。 || 三分肥七分瘦的猪肉洗净切小。 || 剁碎。 || 李锦记黑椒汁,味道不错。 || 剁好的肉末放入大碗里,加入一小勺黑椒汁、一小勺红薯粉、适量盐、姜末,用筷子 顺时针搅拌均匀。 || 加入剁好的大头菜。 || 滴几滴花生油(增香),几滴生抽,顺时针搅拌均匀。 || 取一个不锈钢盘子,把肉饼铺好,按压一下(为什么要用这个小的不锈钢盘子呢?哈哈,悦妈家的是小号压力锅,只容得下这个盘子,其他盘子放不下)。 || 可以了,准备开始蒸了,为了想快点尝到美味,直接上压力锅蒸了~ || 压力锅上气后,中火5分钟,然后5分钟小火。 || 出锅~换个盘子装 ,撒上葱花和小米辣~更撩人......"
r0000032,韭菜鸡蛋香菇饼,韭菜鸡蛋,韭菜 | 面粉 | 鸡蛋 | 香菇,4,6,"鸡蛋炒一下 || 韭菜香菇也放里面炒,加点盐 || 放面饼里就行啦 || 电饼档,上下火烙饼模式 || 2-3min即可 || 来一口,再来一口!香"
r0000033,"会跳舞的大米糕,Q弹香甜可口,吃上就会欲罢不能",大米糕,大米 | 水 | 糖 | 酵母,4,6,"将400克大米用清水洗净 || 将大米倒入破壁机里,加入350克水进行搅碎,最好打两遍,会将大米打得更细腻 || 将米糊里加入150克白糖,6克酵母进行充分搅拌,完事盖上保鲜膜进行醒发两小时 || 醒发好后会有两倍大,会有浓密气泡,用筷子将气泡打散 || 水开后上锅蒸20分钟 || 待凉后将米糕取出,完美"
r0000034,香菇蒸鸡,蒸鸡,香菇 | 鸡腿 | 淀粉 | 料酒 | 姜 | 蚝油 | 胡椒粉 | 盐 | 白糖,9,3,"鸡腿剁小块,香菇去蒂切块(切片也可以)(干香菇更香但是家里没有了哈哈) || 油+盐+糖+淀粉+蚝油+料酒+胡椒粉+姜丝,加到鸡块和香菇里,疯狂抓匀,腌制十分钟。 || 蒸锅上汽,香菇鸡里加一点水,一点点就可以了,蒸二十分钟,出锅就可以啦,撒点葱花更好看。"
r0000035,miss 兔的快手菜系列——风琴土豆牛排定食(2分钟牛排嫩出汁),风琴土豆,风琴土豆 | 土豆 | 迷迭香 | 黑胡椒 | 食用油 | 黑胡椒牛排 | 牛排 | 油 | 一人份(我用的赠送的量勺)意面,9,9,"牛排两面抹油,撒黑胡椒,包保鲜膜腌制一晚。想当天吃的,腌2-3小时也可以。我习惯提前腌好,第二天可以省时间😁 || 土豆洗干净,擦干表面水份。两边放筷子,然后改刀切片。淋上适量油,撒上迷迭香。tips:我怕切废一个,所以准备两土豆。如果刀功好,一个土豆就行哈。当然,两个土豆我也是能吃完的😁 || T35烤箱下层,“空气炸”模式,190°C,半小时。我用的土豆不是特别大,如果土豆头大,适当延长时间。 || 烤土豆的时间里可以准备牛排和意面。牛排可以提前拿出来室温放一会儿,也可以直接拿出来煎。大火将锅烧热,直接下牛排。因为之前抹了油腌,现在就不用放油了。 || 计时器两分钟,然后翻面。再两分钟,出锅装盘,大火煎,水份都锁在里面,嫩的出汁🤓。 || 水烧开,放意面。在水里滴几滴橄榄油,装盘不容易黏一起。 || 最后一步,拼盘。意面可以撒点黑胡椒。 || 萃了一杯咖啡液做dirty。 || 分层还算过得去😁"
r0000036,创意橘子之冬日恋歌,,橘子 | 牙签 | 小吸管,3,1,"橘子切掉顶部的盖子做成伞,画上橘子表情,插上吸管"
r0000037,西兰花圣女果焗吐司,,每片面包一个圣女果 | 西兰花 | 任何喜欢吃的口味的面包片都行面包 | 马苏里拉奶酪,4,2,"西兰花、圣女果切碎放在面包片上面 || 撒上适量马苏里拉奶酪丝,在烤箱中火烤20分钟。为了把蔬菜烤熟,我用了烤箱下层开上火,也可以前一晚提前把西兰花煮熟,这样第二天把奶酪烤融化就可以开吃了..."
r0000038,春芽煎蛋,煎蛋,鸡蛋 | 春芽 | 盐食用油,3,3,"春芽,洗净切成末。 || 两只蛋也打入切碎的春芽中,加入适量的盐和匀。 || 锅里放油烧至7成热,把和好的春芽倒入,煎成饼状,起锅装盘,像切蛋糕一样切成小块。"
r0000039,记录自己的乱做全麦粉流沙包,流沙包,40全麦面粉 | 白糖 | 面粉 | 酵母,4,4,"全麦流沙包 || 150克白面粉,50克全麦面粉,15克白糖 两克酵母粉。 冰箱冷藏发酵8小时左右。 || 皮的甜度正好,可以做出这样大小的10个包子 || 卖相不好 还吐了 慢慢尝试了着做,自己记录📝防忘"
r0000040,酸汤肥牛「miu的食光记」,酸汤肥牛,#主材料 | 肥牛卷 | #辅料 | 金针菇 | 西红柿 | 香菜 | 青椒 | 泡野山椒 | 黄灯笼椒酱 | 蒜 | 小米椒 | 姜 | 白醋 | 盐 | 糖,15,9,"准备好制作酸汤肥牛的所有食材。姜、蒜切片备用。 || 西红柿切碎剁末,要当心伤手哦! || 汆烫“明天见”。清水里放入金针菇,加入一点点盐,一滴油保持鲜嫩,小煮后捞在碗里。 || 锅中滴入适量油,依次放入姜、蒜,黄灯笼油,泡野山椒,西红柿丁翻炒。 || 捞出所有的调料,剩下的汤来煮肥牛卷。酸酸爽爽的味道马上就渗进牛肉啦~ || 煮好的牛肉捞出放在金针菇上,上面再浇些汤汁。 || 呲呲的泼油声,口水真是流了一地呢~ || 成品亮相。 || 就碗米饭,开吃咯~超下饭的感觉有木有呢?"
r0000041,红烧肉蛋,红烧肉蛋,五花肉 | 鸡蛋 | 葱、姜 | 八角、香叶、桂皮 | (分2次放)料酒 | 鲜酱油 | 红烧汁 | 耗油 | 冰糖 | 盐,10,3,"锅里家加葱,姜,料酒,水煮开后放入大块肉煮10分钟 || 把大块肉切成小块入锅煎至两面金黄,每面大概2分钟左右 || 加入香料和调料,加水淹没肉肉,大火煮开,放入鸡蛋转小火煮一小时,大火收汁"
r0000042,肉末烧茄子,肉末烧茄子,个茄子 | 克肉末 | 瓣蒜 | 个辣椒,4,4,"茄子切断下锅炸。 || 留少量油,下两瓣蒜和辣椒爆香。放入肉末,料酒。 || 加入茄子,耗油,生抽,老抽。炖20分钟。 || 大火收汁。"
r0000043,爆炒假鲍鱼,假鲍鱼,青椒 | 假鲍鱼 | 干辣椒,3,3,"假鲍鱼解冻后稍微用水冲洗一下,去掉杂质。我是将其一切为二,实际个头如果不是很大的不切也可以 || 锅里放适量油,下干辣椒炒出味道,然后再下青椒和假鲍鱼,青椒断生后稍微点一点水,然后出锅。 || 出锅享用吧。我青椒不喜欢生的,所以稍微炒的久了一点。"
r0000044,烤馒头片,烤馒头片,白馒头 | 香草粉 | 黄油 | 鸡蛋 | 白砂糖 | 黑芝麻,6,6,"黄油、糖微波炉叮1分钟,融化 || 加入牛奶、香草粉、黑芝麻、鸡蛋,打蛋器打匀 || 馒头蒸软、切片 || 馒头片正反面充分蘸上蛋液 || 烤盘刷一层薄油,烤箱预热3分钟 || 220度,烤10分钟"
r0000045,醋溜白菜,醋溜白菜,"白菜 | 糖,陈醋,生抽,耗油,辣椒粉 | 葱,姜,蒜",3,3,"准备几个水灵的白菜叶,如图片成三角形 || 如图备好料。起锅烧油,放入葱、姜,辣椒粉爆香,加入白菜翻炒,加入生抽,耗油,盐调味。最后加入陈醋,糖,蒜提鲜调味。 || 装盘over。"
r0000046,胡萝卜玉米炒青椒洋葱,胡萝卜玉米,胡萝卜 | 玉米 | 小的洋葱 | 青椒,4,3,"四种材料切丁成上面待用 || 热锅下油炒香蒜,先放胡萝卜爆炒,然后放玉米,最后放青椒和洋葱,因为后面两样炒了有点水出。 || 待变软,洋葱变透明加盐和鸡精就可以了。"
r0000047,南瓜蛋黄流沙包,流沙包,咸蛋 | 糖粉 | 糯米 | 低筋面粉 | 南瓜,5,13,"南瓜切小块蒸熟 || 蒸南瓜的同时把蛋黄弄碎,越碎越好 || 放入一小部分熟南瓜继续压碎,弄成泥状。 || 用油热锅,把泥状的南瓜和蛋黄放入平底锅,适量加盐调好味道,然后倒入水,煮成粘稠的糊状。把煮好的糊状南瓜蛋黄放入冰箱冷藏。 || 再把剩下的南瓜加糖压成泥 || 按照糯米粉和低筋面粉1:1的比例慢慢过筛加入南瓜泥中。一点一点的加,直到南瓜泥变成不黏手的面团。建议加糖,不然皮不甜很难吃,糖的分量看个人喜好,大概加个30g就可以 || 南瓜面团就做好了。 || 把面团等份分好 || 从冰箱拿出冻好的咸蛋黄,包进面团中。 || 包好后放上烘培纸,用牙签或者线压出形状。 || 上面插上红萝卜,也可以放青瓜,葡萄干,枸杞等可以代替蒂的东西。 || 最后隔水蒸15-20分钟。面粉有点多我卷了两个花当装饰。 || 趁热吃,冷了就不太流沙了!"
r0000048,『外焦里嫩成功率超高的锅包肉』,锅包肉,猪里脊肉 | 土豆淀粉 | 鸡蛋清 | 葱姜蒜 | 胡萝卜 | 胡椒粉 | 1炒勺白醋 | 1炒勺白糖 | 1调羹盐 | 生抽,10,12,"里脊肉切片,尽可能薄一些哦,怎么样?还算漂亮吧,哈哈 || 每一片用刀面拍扁,具体方法是把刀面放在肉上面,另一只手用力拍一下刀面,就这样了。作用是挤出水分,让肉更薄哈 || 然后,在肉里放鸡蛋清、胡椒粉半调羹、盐1/3调羹,用手抓匀,腌20分钟。 || 这期间可以调淀粉糊,这里提供2种方法: 1. 在盆中放入全部土豆淀粉,然后加多点水,静置2小时,待淀粉沉淀后倒去表层的水; 2.将淀粉逐渐倒入肉中,同时放入少量水,一点一点揉匀,详细方法可以可参考我的‘溜肉段’菜谱,哈哈,做个小广告。 其中第一种方法有点难以放肉,因为淀粉是剪切增稠的非牛顿流体哈(对不起,专业病犯了),也就是用力敲它感觉很硬,慢慢按它反而容易插进去哈,所以这里我推荐第2个方法哈。 || 最后变成这样就OK啦 || 锅中倒入大量的油!虽然心疼,但是值得😄,大火烧热,注意是热锅热油,直到插入筷子冒泡泡了就说明油温上来了,这时调整为中大火🔥,开始炸肉咯。 || 可以根据肉量分批次的炸,肉肉排队队。下肉要快哦,保证一批肉的油炸程度相近。每一批肉炸2分钟左右即可,可以心里数秒哈,时间到,捞肉肉。 || 然后将火开至最大🔥,复炸一下肉肉,这次一直大火将肉肉复炸40秒左右即可,不可超时哦,复炸的作用是让肉变得酥脆,并排出多余的油!(嗯!好有道理的样子😄) || 葱、姜、胡萝卜切丝备用,刀工不错吧 || 调汁儿:1炒勺白醋(别怕会酸,因为白醋放入锅中会大量挥发形成醋雾),5滴生抽(可放可不放,我是为了颜色不要太浅),1炒勺白糖(与白醋1:1哦),1调羹盐(中和甜味) || 然后将蒜片放入酱汁儿中,有的人会说算要用油爆一下才对,我就喜欢泡在醋里,你来打我呀😄 || 最后,锅中放少许油,先放入三丝爆炒,待胡萝卜香味出来后(胡萝卜素炒出来后也说明葱和姜也早好了)再倒入酱汁儿翻炒10秒钟,最后放入肉肉,垫5下勺出锅!这样下来,味道不会错!加油吧!"
r0000049,超开胃番茄牛腩汤,番茄牛腩汤,克牛腩 | 个西红柿 | 根葱 | 片姜 | 个八角 | 勺料酒,6,2,"牛腩切块,冷水入锅,放生姜料酒盐去腥味,水开后捞出牛腩冲印干净。另一个锅子也同时烧半锅水。 || 焯过水的牛腩放汤锅里大火煮开,转小火,➕生姜 料酒 盐,炖两个小时吧,炖到快软烂了,放番茄继续炖到番茄融化。再自己试试味道,调味出锅。"
r0000050,咖喱鸡肉饭,咖喱鸡肉饭,(小的)胡萝卜 | (去骨切丁)鸡胸肉 | (小的)洋葱 | (小的)土豆 | (牛头牌)咖喱块 | 料酒 | 盐 | 食用油,8,3,"胡萝卜洗净切小块,土豆洗净切小块,洋葱洗净切小块;2.鸡胸肉去骨切丁,1勺料酒,少许盐,糖,生姜,食用油腌制一会儿 || 起锅热油,把鸡肉倒下去,小火翻炒,其中再加一勺料酒炒均匀,把洋葱丢下去翻炒,接着下胡萝卜和土豆。加冷水盖过所有食材再预多1/3水,因为过程会蒸发很多水,水开后把咖喱块放进去,小火焖,时不时要翻动一下 因为会粘锅底,等熬成糊状就可以了。 || 成品 ,非常美味可口。"
r0000051,健康营养肉酱意面🍅,肉酱意面,2人份意大利面 | 西红柿 | 肉末 | 洋葱 | 番茄酱 | 盐 | 黄油 | 大蒜 | 牛奶 | 香肠,10,9,"准备好食材 || 把材料切碎,猪肉剁成肉末。(番茄泡热水后去皮。猪肉可以用油盐糖腌一下) || 先热锅,放黄油,然后爆炒一下猪肉末和香肠碎。 || 把洋葱也爆炒一下。 || 下番茄 || 下三勺番茄酱,放适量的水,和牛奶(牛奶是灵魂!!!)。 || 煮的差不多把刚刚炒过的肉下锅,煮的番茄烂掉,汁浓稠就可以啦! || 意面提前煮好,沥干水。可以直接拌酱吃,也可以放些马苏里拉芝士碎,放进烤箱中层,上下火180顿10-15分钟,做成芝士肉酱意粉。 || 开吃(这个酱不够多,番茄没煮的很烂,但是味道一样好!)🍅🍅🍅"
r0000052,清炒荷兰豆,清炒荷兰豆,荷兰豆 | 蒜 | 盐 | 油 | 胡萝卜,5,8,"蒜拍碎去皮切碎 || 半根胡萝卜洗净去皮切片 || 荷兰豆掐头去尾洗净 || 锅内加油烧热,加蒜至出香味 || 加入胡萝卜,翻炒几下 || 加入荷兰豆,翻炒至荷兰豆变软 || 加入盐调味 || 出锅"
r0000053,香辣牛肉酱,香辣牛肉酱,牛肉 | 花生米 | 小米椒 | 生姜 | 一头大蒜 | 芝麻 | 海天黄豆酱,7,6,"生姜,大蒜剁碎备用 || 小米椒剪碎备用 || 牛肉洗净剁碎备用,喜欢吃肉的可以切成丁 || 锅热油,放姜末,蒜末,炒出香味,加牛肉炒至变色 || 加四大勺海天黄豆酱炒均匀后放入小米椒,花生米继续炒熬大约20分钟,起锅前撒点芝麻拌匀! || 完成,晾凉后装入瓶中"
r0000054,豆渣炒蛋,豆渣炒蛋,鸡蛋 | 豆渣 | 黄瓜,3,4,"先炒鸡蛋,分小块 || 加入豆渣,生豆渣一定要炒熟。 || 黄瓜切丁,炒一会,加入适量盐即可。 || 出锅"
r0000055,宝宝餐 —鸡汤面,鸡汤面,面条 | 木耳 | 鸡腿 | 葱 | 盐,5,5,"两个鸡腿,清洗干净后热水焯一下,冷水下锅,姜片一起放里(水别放太少啊,不然最好的汤汁不浓,我放了2大碗水)水开后调制小火50分钟(上图是熬完50分钟的效果) || 提前泡发好的木耳热水焯一下,切丝、葱切好备用。 || 开火下入木耳和少量盐,小火20分钟。 || 加入面,直至面煮熟即可。出锅前放点葱花。 || 关火后,如果有核桃油或亚麻籽油加一些!美味😋"
r0000056,红薯布朗尼,红薯布朗尼,中等红薯 | 可可粉 | 全麦粉 | 少量蜂蜜,4,4,"红薯蒸好剥皮捣成泥,倒的粘一些(我还加了两根小香蕉 但我觉得不加会更好吃) || 加入可可粉,搅拌均匀;加入全麦粉,搅拌均匀。 || 全部搅拌均匀后观察混合材料的黏度,如果太稀了再加些可可粉和全麦粉。(无论哪种材料多了或者少了都会很好吃 只是口感不同) || 烤箱预热,200度,30分钟。根据自家烤箱和面糊的厚度来定。差不多了拿根牙签插入布朗尼,如果牙签无粘连物就可以拿出来吃啦。"
r0000057,鱼头泡饼,鱼头泡饼,鲢鱼头 | 猪肋条肉 | 油饼 | 小葱 | 红辣椒 | 干 | 大葱 | 姜 | 大蒜 | 生抽 | 番茄酱 | 盐 | 味精 | 花生油,14,5,"将鲢鱼头洗净,改刀(就是把鱼头从下颚分成相连的两片);2。 把五花肉切成长片,放入盘中待用;3。 煎好的油盐饼切成大小差不多一样的菱形放入另一个盘中;4。 香葱切成2厘米的葱段,放入碗中待用;5。 葱、姜切成末;6。 蒜切成蒜片留用;7。 在炒锅中倒入花生油,将油烧至六成热,把鲢鱼头下到锅里;8。 炸至鱼头成金黄色,熟透,用笊篱捞出控净油,放入盘中待用; 9。 在炒锅内重新加油,把切好的五花肉片放入,再把切好的葱、姜、蒜、辣椒等加入锅内,一起炒香;10。 然后加入生抽、番茄酱等再炒两下,把适量的老汤倒入锅里;11。 把炸好的鱼头放入,再加入盐、味精等调料,用大火把锅烧开;12。 改成小火焖上20分钟左右,起锅,装盘;13。 把切好的油盐饼放在盘的一侧,然后洒上切好的香葱段即可 || 制作提示 || 五花肉不要散乱地放在盘中,可以把它层叠地铺在鱼头上面 || 在盘边可以用黄瓜片做修饰,胡萝卜、香菜都可以摆出一个造型来,让这道菜的颜色更加丰富 || 本品有油炸过程,需备花生油约1000克"
r0000058,懒人版台湾灵魂小吃——鸡翅包饭,鸡翅包饭,鸡全翅 | 淀粉 | 新奥尔良腌料 | 清水 | 炒饭 | 蜂蜜,6,5,"鸡翅根去骨:用剪刀紧贴骨头慢慢往下剪,使骨肉分离,剪断关节,去掉骨头 || 鸡翅中去骨:鸡翅中有两根骨头,先用剪刀把两骨连接点剪开,扭转拔出较细的骨头,再用剪刀紧贴较粗的骨头慢慢往下剪,剪断关节取出 || 将脱完骨的鸡翅放入碗中,加入新奥尔良腌料30g、淀粉5g、清水适量,抓匀腌制约2小时 || 将炒饭填入鸡翅至2/3满,用牙签封口 || 将鸡翅摆放在烤架上,放入预热好200°C的烤箱中烤约15分钟取出,表层刷蜂蜜,再次放入烤箱烤约10分钟至色泽红润即可取出。"
r0000059,手冲咖啡~果丁丁,手冲咖啡,咖啡豆 | 农夫山泉 | 我用的Brewista电子称 | 我用的Brewista温控手冲壶 | 我用的小富士磨豆机,5,6,"称豆,挑豆,差不多16g这样最后取15g咖啡粉,(如果豆子的瑕疵豆很多要都挑出来,不然会有很大的影响,然后磨豆机也会有1~2克这样的损耗) || 折滤纸,对边折,开始烧水,因为豆子的烘焙度有点深我选用90°C的水 || 洗滤纸,一定要充分贴合滤杯哦😊 || 倒入咖啡粉,焖蒸30s40g 焖蒸结束开始第二段注水,从中心开始画圈,注意水流不能太大,流距不能太高 45s注水100g || 第三段注水,画圈3圈中心点注水注到1:40s240g 1:50s截流 取液重185g || 液重取185g后可以根据口感加5~10的温水稀释"
r0000060,雾霾日的居家汤之 霸王花南北杏雪梨煲瘦肉,,南杏仁 | 北杏仁 | 霸王花 | 无花果 | 瘦肉 | 雪梨 | 胡萝卜 | 水 | 盐,9,6,"霸王花用清水泡发半小时,清洗数次沥干备用 || 将准备的瘦肉入滚水烫3到5分钟不用切块,洗净备用。 || 胡萝卜削皮洗净切大块备用; || 雪梨清水洗净去蒂,去心 ,切块备用 ;(可最后半小时放入) || 把所有材料洗净,放进锅中,加约3L的水,武火煲沸后改文火煲约3小时。(中途最好不要加水。) || 关火出锅前加入适量的盐调味。"
r0000061,白菜猪肉炖粉条,白菜猪肉炖粉条,粉条 | 白菜 | 五花肉 | 八角 | 料酒 | 生抽 | 老抽 | 冰糖 | 克盐,9,8,"五花肉100克切片(喜欢吃肉的可以多放肉)生姜、葱,八角,冰糖备好,红薯粉温水泡开,白菜切段。同时再烧一点开水。 || 国内少油,小火煎一下肉片,加入葱姜八角。煎到微微发黄。 || 加料酒、生抽、老抽、冰糖翻炒上色(火不要太大,可以酌情加点水以免糊了) || 加开水。 || 加盖煮10分钟。注意水开后关小火。 || 加入粉丝和白菜。白菜入锅后压压、基本上与汤平齐,水不要太多。大火烧开,转小火炖20分钟左右。 || 炖到汤汁快收干还有一点点就好 || 加少许盐,起锅。"
r0000062,脆皮蛋卷(低糖低油)超级好吃、酥脆,脆皮蛋卷,个鸡蛋1 | 克低筋面粉100 | 克玉米油30 | 克白砂糖30 | 克黑芝麻 | 克牛奶120,6,2,"所有材料混合到一起,搅拌均匀 || 勺子舀入小红锅,盖上烘烤3分钟左右;可以用筷子卷成卷,也可以像图片这样煎小块"
r0000063,爽口青瓜酸奶酱汁沙拉,酱汁,根1黄瓜 | 克一杯酸奶 | 克适量盐 | 一人份圆生菜 | 水果胡萝卜 | 鸡蛋 | 百香果 | 一茶勺椰子油 | 蒜泥一瓣蒜,9,1,"一杯原味生牛乳酸奶(放到常温),一点盐,一瓣蒜的蒜泥,一茶勺橄榄油,搅匀酸奶酱汁就做好了!青瓜(黄瓜)切滚刀,圆生菜手撕洗净刷干水分,胡萝卜洗净,以上食材与酱汁搅拌均匀即可! 鸡蛋打散,少许橄榄油,煎锅煎熟搅碎即可;百香果对半切开... 摆盘OK! 主食大家可以配一个紫薯或者蒸小土豆;"
r0000064,黄金肉松饭团,,牛肉松 | 剩米饭 | 香松 | 鸡蛋 | 面包糠,5,4,"剩米饭加热,待温放入香松调味(没有可放入盐),搅拌均匀。 || 米饭放入肉松揉团。 || 把饭团依次裹上蛋液,放入面包糠中,拿出待用。 || 锅中热油冒泡,放入饭团炸至金黄即可。"
r0000065,土豆虾仁芝士球,芝士球,(大概50克)土豆 | (我挑的比较大只)只虾仁 | 芝士 | 黑胡椒粉 | 白胡椒粉 | 盐 | 鸡蛋 | 面包糠,8,7,"土豆切片上锅蒸熟,大概用时五到十分钟,取出后加入盐,黑胡椒粉,白胡椒粉,芝士用叉子拌碎,搅拌均匀 || 材料就这些 || 土豆泥冷却后加入虾仁,虾仁忘记拍照了,就是切背后取出虾线,切颗粒,不用太细 || 搓成球球,我的原料大概可以搓成18个,一口一个那种 || 然后球球放进鸡蛋碗里过一下,包裹鸡蛋液,然后再包裹面包糠,下锅,一开始火开大了有点炸黑了 || 成品!蘸美乃滋比较好吃! || 儿子一个人吃了十三个,老娘就过了下嘴瘾,下次再做!"
r0000066,和唐風--一頓飯團,,米飯 | 三文魚 | 魚籽 | 適量青菜,4,3,"米飯加米醋、海鹽拌壽司飯 || 壽司飯壓平,鋪三文魚,捲卷 || 上釵鬢,貼花黃"
r0000067,超美味的西红柿蛋汤,西红柿蛋汤,西红柿 | 鸡蛋 | 盐 | 淀粉,4,7,"热油下葱花爆锅 || 西红柿下锅,,一定要切小小块,容易把汤汁都出来 || 一直炒,炒到成酱一样,西红柿才不酸 || 按照自己想要的量加水烧开 || 开锅后把淀粉加水搅匀倒入锅中 || 加入打散的鸡蛋,切记慢慢一点点的加,一边加一边搅散,我这个为了拍照搅得不够散,应该再散一点 || 加盐,我这个是一大碗三个人喝的,所以加了两小勺盐,,特别怕酸的也可以再加点糖,,再烧开锅就可以盛出来享用了"
r0000068,酱大骨,,克骨头 | 根葱 | 片姜 | 瓣蒜 | 个八角 | 块桂皮 | 片香叶 | 粒花椒 | 个干辣椒 | 克冰糖 | 克盐 | 勺料酒 | 勺酱油 | 勺豆瓣酱,14,3,"中火将大骨头凉水入锅飘去血沫。 || 高压锅放入骨头,葱姜蒜,八角桂皮香叶,花椒干辣椒,糖,酱,料酒,酱油,水,高压35分钟 || 压好的骨头倒入锅中放盐收汁。自用备忘,美好生活从厨房开始。"
r0000069,原味戚风蛋糕卷,戚风蛋糕卷,鸡蛋 | 牛奶 | 奶粉 | (蛋黄20克蛋白50克)细砂糖 | 玉米油 | 低粉 | 几滴柠檬汁,7,11,"准备食材 || 用分离器将蛋白蛋黄分离,分别放入两个容器,放蛋白的容器(不锈钢盆)要无水无油。 || 用手工打蛋器将蛋黄搅拌,加入牛奶,玉米油,奶粉,细砂糖(20克),搅拌均匀。 || 低粉过筛,分次加入搅拌好的蛋黄中,由下往上翻,不要朝一个方向搅拌,以免低粉上劲。 || 打发蛋白。蛋白中滴入几滴柠檬汁或白醋,低速打出粗泡,加入第一次细砂糖,中速打至细腻的糊状;加入第二次细砂糖,中速打发至打蛋器头出现小三角;加入余下的细砂糖,继续打发至打蛋器头小三角倾斜不倒即可。 || 取出打发好的蛋白1/3放入蛋黄糊中,由下向上翻匀。翻匀后一并倒入蛋白盆中,由下向上翻匀,拌匀即可。 || 烤盘中铺入油纸,将拌好的蛋糕糊倒入烤盘,将烤盘在操作台上顿几下,消除蛋糕液气泡。 || 烤箱180度预热5分钟,调制170度入烤盘,中间观察蛋糕颜色,如果上色快,加盖锡纸,15分钟后出炉(每个烤箱脾性不同,温度时间还是根据自家烤箱定。判断是否烤熟,可用牙签插入蛋糕牙签不粘即为烤熟) || 烤熟后取出倒扣与烤架,撕去油纸,一定要趁热撕。 || 晾凉后切去四边,用油纸卷起来定型。 || 用锋利的的刀具切开就OK了。"
r0000070,香椿饭团,,大米 | 香椿,2,3,"大米煮成米饭,如果米的粘度不够,可在煮饭时加适量糯米 || 香椿洗净,用开水烫至变绿,捞出过凉水,细细地切碎 || 等米饭晾至不烫手的时候,拌入香椿碎和盐,戴上一次性手套或在手上套个保鲜袋,捏成饭团子即可"
r0000071,粤菜:鲍鱼汁辣椒炒土鱿,,新鲜土鱿鱼 | 青椒 | 红椒 | 小半个洋葱 | 姜 | 蒜瓣 | 红头葱 | 盐 | 油 | 调料:调料: | 玉米淀粉 | 鸡精 | 鲍鱼汁 | 料酒 | 生抽 | 糖 | 自磨胡椒粉,17,7,"新鲜土鱿鱼700克,去掉鱿鱼的皮,切开鱿鱼去掉内脏肠子,清洗干净 || 鱿鱼切开好划花纹,用斜刀法,斜刀划小井字花纹,把鱿鱼切成小块或三角形小块,鱿鱼须切开 || 放少许盐,少许料酒腌制10分钟。青椒一个,红椒半个,洋葱小半个,姜13克,蒜瓣35克,红葱头四根 || 红椒斜切,青椒斜切,红葱头切段,姜切片,蒜瓣切厚片 || 调料:清水放1小勺玉米淀粉搅匀,1小勺鸡精调料:鲍鱼汁15克,料酒15克,生抽15克,糖3克,自磨胡椒粉1克,老抽少许,把全部调料拌匀,锅烧水:放少许盐,少许白酒,姜小块,下鱿鱼焯水,鱿鱼一卷就捞起 || 锅倒油,然后倒入葱姜蒜爆香,倒入辣椒洋葱炒香,倒入已焯水的鱿鱼,加小半勺盐,大火翻炒,加入调好的调料,炒匀,放入葱段,起锅 || 粤菜:鲍鱼汁辣椒炒土鱿,口感:咸鲜香爽,味道棒极了!"
r0000072,芋头炖骨汤,,芋头 | 猪骨汤 | 料酒 | 盐 | 生姜 | 香葱,6,10,"将毛芋头去皮 || 将毛芋头洗净,切成块 || 将猪骨洗干净,备用 || 将生姜洗净去皮,拍开出味 || 烧开水,将猪骨入飞水一下 || 将飞好水的猪骨头用清水冲洗,这样煲的汤更清甜 || 锅内依次放入芋头,猪骨、料酒、盐以及姜 || 倒入清水,淹过食材即可 || 放入蒸箱按蹄筋功能键,蒸60分钟即可 || 出锅装盘,再撒点适量的葱花"
r0000073,卤豆腐干(麻辣口味),卤豆腐干,白豆腐干 | 酱油 | 糖、盐 | 干辣椒 | 花椒、麻椒、大料、桂皮、草果 | 香叶、小茴香、肉蔻、白芷、丁香 | 葱、姜、大蒜,7,5,"白豆腐干切小块。 || 用油两面煎到微黄。 || 煎好的豆腐干放在盘中待用。 || 锅里加水,加入所有调料烧开,把豆腐干放进去,大火烧开转小火煮半小时左右,调料的味道都充分被豆腐干吸收。 || 关火后,豆腐干继续在卤汁里泡几个小时或者过夜。然后捞出晾干就可以了。"
r0000074,卤鸭,卤鸭,鸭 | (用来上色)老抽 | 生抽 | 料酒 | 盐 | 红腐乳 | 蚝油 | 蒜蓉,8,3,"把全部材料搅拌均匀,倒入鸭腌制30分钟左右 || 在锅放油把鸭放进去煎,煎到有点金黄色,然后加水,盖过鸭身,大火煮开接着调中火慢慢焖, || 最后要剩一点酱料,不要煮干,用来蘸肉"
r0000075,爽脆萝卜条,萝卜条,白萝卜 | 胡萝卜 | 泰椒 | 白醋 | 白糖 | 花椒 | 生姜 | 盐,8,14,"将白萝卜洗净切成条状 || 胡萝卜也切条😁 || 洒适量盐进去拌匀,腌制一小时 || 锅内放入泰椒 || 放入生姜 || 花椒 || 白糖 || 加水搅匀 || 大火烧开 || 关火加入适量白醋,自然晾凉 || 将腌好的萝卜条挤干水份 || 装进容器 || 加入适量盐 || 晾凉的调料水加入瓶中,密封保存一周左右即可。当然,着急的话第二天就可以吃,以我的经验腌制半个月风味最佳哈😄"
r0000076,泡椒凤爪,泡椒凤爪,鸡爪 | 两瓶(就是超市卖的那种大约3元左右一瓶)罐装野山椒 | 大料 | 数粒花椒 | 料酒,5,3,"鸡爪洗净剪掉鸡爪那尖尖的指甲,在把鸡爪后面那块长骨断开 || 凉水下鸡爪放入大料、花椒和料酒大火煮开后转中火15分钟即可,建议童鞋们煮到10分钟时拿筷子戳一下鸡爪,如果一戳就进去了证明鸡爪就熟了,赶紧关火以免煮懒 || 鸡爪煮熟捞出后用凉水冲洗两三遍,控干水份放到无水无油的密封盒里,野山椒开盖后直接都倒入鸡爪上,记住野山椒里的水一起倒入,在泡的时候不用放盐了,因为野山椒的咸度已经够了,倒好后密封好盖子放入冰箱冷藏一宿就可以吃了"
r0000077,炸油酥角,油酥,酥皮 | 鸡蛋 | 普通面粉或低筋面粉 | 热水 | 白糖 | 猪油 | 内馅 | 白芝麻 | 黑芝麻 | 白砂糖 | 椰蓉 | 花生碎,12,8,"先把内馅混合在一起调好自己想要的甜度 || 热水倒入白糖融化冷却倒入面粉鸡蛋猪油混合成光滑面团,用保鲜膜盖住预防风干(不用醒面) || 拿一部分出来用擀面杖擀成薄片,用杯子或圆形的工具按压出形状 || 包住馅,做出油角的形状,一定要把馅和皮弄结实饱满 || 油锅热油中小火七八成热倒入油酥角转小火 || 炸制微微金黄色(不要炸太焦黄哦!) || 捞起晾凉即可食用!吃不完要用密封带封住常温保存哦! || 超酥,怕上火连吃了五六个😋😋!"
r0000078,青椒鸡蛋酱,青椒鸡蛋酱,青椒 | 两或三个鸡蛋 | 依照个人口味豆瓣酱 | 白糖 | (出锅时放)鸡精,5,6,"青椒洗净,去籽去筋,切丁备用 || 鸡蛋两到三个,打散备用 || 锅中下油至五成热倒入鸡蛋液,用筷子不停顺一个方向搅拌(这样炒出的鸡蛋块小且匀)当鸡蛋液快要凝固时,倒入青椒丁,继续翻炒 || 加入豆瓣酱,依个人口味调试咸淡 || 加少量水继续翻炒 || 加少量白糖提鲜,出锅前加少许味精(这步可以省略)"
r0000079,下饭菜-洋葱炒蘑菇(低盐低糖),炒蘑菇,橄榄油 | 洋葱 | 口蘑 | 培根粒 | 盐 | 糖,6,5,"洋葱切粒,冷油热锅后放入。高火不停翻炒,因为洋葱含糖量非常高,高火不翻炒的话,容易粘锅,而这道菜偏偏要把洋葱的糖粉逼出来,所以要炒好一阵。 || 洋葱丁开始变色后,放入培根粒继续翻炒。(PS:培根粒可以用腊肠粒、牛肉粒等代替,最好是带点肥油的肉丁,这样炒出来比较香,但是牛肉沫这类需要自己调味,加盐、大蒜粉就可以了) || 洋葱丁翻炒到变焦糖色后,放入蘑菇粒,继续炒,记得要不停翻炒。你会发现蘑菇开始出现出水,整道菜变得很湿润。 || 当蘑菇出水、变小的时候,撒一点盐(不要太多,培根/腊肠已经含咸味了),再加一点糖就可以开吃了!不建议加蚝油,抢食物鲜味了。 || 真心觉得一个洋葱不够😋"
r0000080,雪人拼盘+海参辛拉面+芒果捞+香芋奶,芒果捞,幸拉面 | 黄瓜 | 胡萝卜 | 少量盐 | 少量胡椒粉 | 少量芝麻油 | 鸡蛋 | 海参 | 吐司 | 淡奶油 | 少量蓝莓 | 少量海苔 | 芒果 | 小毛芋头 | 牛奶,15,5,"【海参辛拉面】冷水加虾皮煮开后5分钟,海参一个切片放入锅内,炖一会,放入辛拉面煮熟后,放入黄瓜片和胡萝卜片,煮1分钟,关火,加盐,胡椒粉,芝麻油调味即可,用烤盘盛出,放上一个温泉蛋,好吃好看 || 【雪人拼盘】吐司一个,用辅食剪剪一大一小,表面涂上打发后的淡奶油,用海苔和胡萝卜做表情,胡萝卜切两条做围巾,蓝莓点缀做纽扣,用海苔剪出手,绿色光滑的三角形两个拼成树,用海苔做树干,底部放上坚果 || 【芒果捞】顺手多打了一些淡奶油,加切好的芒果即可,本来打算做奶油版的暴风*,家里的奥利奥被吃完了,临时改了芒果捞。这两个熊孩子,吃完的奥利奥空盒子放在那里,都准备放奥利奥才发现没有了,真是考验为娘的机智 || 【香芋奶】超级推荐这个,特别好喝,不黏稠,像饮料一样,如果加一点红茶和珍珠,就像极了奶茶,做法也是非常简单。小毛芋4个,鲜奶150ml,淡奶油40ml,冷水100ml,破壁机选豆浆或者浓汤模式都可以,出锅后,放上白糖或者蜂蜜调味即可,特别好喝,五星推荐 || 成品图"
r0000081,茶树菇莲藕素汤(入门级),莲藕素汤,茶树菇 | 玉米🌽 | 花生 | 一小截莲藕,4,3,"茶树菇去头部切段,用水泡过,玉米掰粒,也可以切小段,莲藕切小块 || 所有材料放锅里,加水淹过材料,少许花生油,大火煮开,转中火炖两个小时,我用的是炖锅,起锅前加盐,大功告成 || 食物与时间的沉淀,美味"
r0000082,桂花杏仁豆腐,桂花杏仁豆腐,杏仁露 | 吉利丁片 | 糖桂花,3,7,"吉利丁片用冷水泡软,一罐杏仁露倒入小锅中,开小火,然后放入两片吉利丁片 || 慢慢加热,只要吉利丁完全融化到杏仁露中就立即关火,不用将杏仁露煮沸 || 将杏仁露倒入容器中,晾凉以后放冰箱冷藏室冷藏一夜 || 第二天将凝固好的杏仁豆腐拿出来,用小刀横竖各划几刀,大小随自己的喜欢了 || 盖上容器的盖子,将容器倒扣,在盒底拍几下,划成小块的豆腐就脱落下来了!(我直接用的保鲜盒,挺方便好用的) || 糖桂花用冷水调开(喜欢吃甜的,就直接放糖桂花也可以!但是调糖桂花的时候,一定用冷开水,水太热的话,浇到豆腐上边,豆腐就还原成杏仁露了) || 调好的糖桂花浇到杏仁豆腐上边即可"
r0000083,带你穿越意大利🌈海鲜彩虹Pizza,,6寸Pizza饼胚 | 马苏里拉芝士 | 玉米粒 | 小青豆 | 胡萝卜丁 | 黑虎虾 | 台湾香肠 | 烧烤酱,8,9,蔬菜切丁 香肠切块 黑虎虾剥去筋(也可直接用虾仁) 将所需食材配料都准备好✌️🏻好的开始是成功的一半 || 在饼胚上均匀涂抹香香的烧烤酱✌️🏻完成满分 || 撒满马苏里拉美味芝士✌️🏻能量值满分 || 加上彩虹蔬菜丁 也可以添加自己喜欢的食物✌️🏻色彩满分 || 将香香肠和滑滑虾精致摆盘✌️🏻营养满分 || 再来一层厚厚的马苏里拉✌️🏻馅料满分 || 烤箱预热后180度耐心等候15分钟✌️🏻颜值满分 || 噔噔噔~美味出炉✌️🏻带你穿越意大利 || 变身顾不上形象的小吃货一枚
r0000084,白酒蛤蜊意面,白酒蛤蜊意面,(二人份)意大利面 | 蛤蜊 | (150ml)白葡萄酒 | 橄榄油 | 洋葱 | 大蒜 | (干碎亦可)欧芹 | 辣椒 | 黑胡椒 | 盐,10,1,"先将煮意面的水煮开,水要多。水开后,撒一把盐,一勺橄榄油下去,然后放意面。煮至自己喜欢的软度。 蒜切片,洋葱切丁,辣椒切碎,另起一锅,中高火,下3大匙橄榄油,放下蒜片,洋葱,辣椒出香味、蒜片微微黄色。(怕辣的辣椒可以后放)放入蛤蜊,微翻动,倒入白葡萄酒。盖上盖子焖一下,这个蛤蜊更容易开,蛤蜊全开后,将意面捞放入蛤蜊中晃动锅子片刻,加盐和黑胡椒调味。 将欧芹切碎放入,淋上最后一匙橄榄油,出锅。"
r0000085,[雪球厨房]酱爆茄子,酱爆茄子,茄子 | 瓣大蒜 | 辣椒 | 勺豆瓣酱 | 糖 | 料酒,6,4,"朋友家种的茄子,天然,无公害,无污染。:-D 把茄子洗净,切块,清水浸泡15分钟,备用。 || 青椒洗净,切块,备用。 || 切蒜蓉,备用。 || 热锅,下油,加入茄子,翻炒。因为茄子吸油,所以在翻炒过程中可加入少量油,直至茄子七成熟。加入蒜蓉,炒香。加青椒,翻炒至九成熟。加入料酒,爆锅。加豆瓣酱、砂糖,翻炒均匀,加少许水,盖上锅盖焖一下,待水基本上干了,即可上桌。"
r0000086,"吃一次就爱上的武汉热干面,原来这么简单",武汉热干面,碱面 | 老抽 | 生抽 | 芝麻油 | 芝麻酱 | 蚝油 | 武汉萝卜干 | 小葱 | 酸豆角 | 榨菜,10,4,"榨菜切碎、萝卜干切碎待用 || 碗里倒入老抽、生抽、芝麻酱、蚝油搅拌均匀(如果芝麻酱较厚,可加入30g白开水) || 清水煮沸,放入碱面煮两分钟至8分熟,捞至碗里,加入芝麻油,用筷子不断挑起使其快速冷却 || 倒入榨菜碎、萝卜碎、酸豆角、小葱,倒入调好的芝麻酱,拌匀即可"
r0000087,💕包粽子(附小视频),包粽子,糯米 | 粽叶 | 红枣 | 绳,4,8,"糯米浸泡12个小时,红枣浸泡2个小时 || 干粽叶提前浸泡、煮沸,取一片粽叶折角,底部不能留口,防止漏米 || 加入一半糯米,放两颗红枣,再加满糯米 || 折成四角粽(详细步骤见步骤7中小视频) || 用绳子将粽子寄好,修剪多余粽叶~ || 折角的视频过程~ || 如何包成四角粽~ || 包好的小粽子们!"
r0000088,草莓山药泥夹心蛋糕,草莓山药泥,草莓 | 4X5cm小段山药 | 蜂蜜 | 各1块6寸和4寸心形绢豆腐蛋糕 | 坚果仁,5,7,"做法详见绢豆腐戚风蛋糕http://www.xiachufang.com/recipe/103738685/ || 冷却倒扣晾凉,片成两片待用 || 草莓取一半料理机打成汁,山药蒸熟切小段,加蜂蜜打成润滑泥 || 草莓山药泥涂满蛋糕体,颜色粉粉哒 || 草莓洗净厨房纸吸水片成小片铺在蛋糕片上 || 淡奶油打发 || 薄涂一层淡奶油,草莓片,坚果仁装饰。"
r0000089,自制豆芽菜,自制豆芽菜,多少都可以绿豆 | 水,2,3,"首先我们要把豆芽用水泡着直到豆子上长出小牙 || 然后选择一个容器将布或者纸放入盆底,将绿豆平铺上面,浇入足够的水将其浸湿,再用纸平铺在绿豆上,继续用水浸湿,将其放入不见光的地方,我是直接用盆子扣上的,避免见光豆芽会发红变苦 || 然后每天都要浇两遍水,一定要浇透,三天之后我们就可以看见干净又可爱的豆芽菜啦"
r0000090,韭菜摊鸡蛋,韭菜摊鸡蛋,3至4颗鸡蛋 | 韭菜 | 盐,3,3,"鸡蛋打散。 || 韭菜切碎,加入到蛋液中。继续搅拌,搅匀后加盐。 || 炒锅到油,油烧热(要很热,看到有油烟升起),把搅拌好的韭菜蛋液倒入炒锅。此时不用翻炒,一面煎好后,翻至另一面。至蛋液成型,表面金黄。出锅,上菜!"
r0000091,韩式泡菜(辣白菜),韩式泡菜,"白菜 | 胡萝卜 | 白萝卜 | 姜 | 3头蒜 | 葱 | 洋葱 | 粗盐 | 糯米粉 | 各120克粗辣椒面,细辣椒面 | 鱼露 | 糖 | 苹果",13,5,"摘去白菜外面的老叶子,用刀在根部切一刀,然后用手掰成两半,每一层都撒上粗盐,剩余的盐混合成盐水,放入白菜,上面压重物,腌制约4-6个小时,直至白菜变软。 || 糯米粉加500毫升的水,搅拌均匀,用锅加热,煮至中间冒泡。煮的时候边煮边搅拌,防止糊锅。 等糯米糊放至微微有点热度时,加入两种辣椒面,拌匀后静置1小时左右。 || 将蒜,姜,梨,洋葱,白萝卜,苹果或者梨都用搅拌机搅打成糊状。 葱或韭菜,胡萝卜,洗净切丝。 || 搅打好的糊与糯米糊搅拌,放入鱼露,糖,拌匀后加入切好的葱,胡萝卜丝,搅拌均匀。 腌好的白菜用流动的水多冲洗几次,拧干水分,备用。 || 戴好一次性手套,将白菜两面都均匀涂上泡菜糊,放入密封盒内。 室温20°C左右,腌制约2天。 放冰箱,腌制约1星期。"
r0000092,小葱烧海参,葱烧海参,小青葱 | 海参 | 花椒 | 酱油,4,5,"热锅冷油爆花椒至香 || 把花椒拿起 || 用花椒油爆海参和小葱至海参变软 葱变香 || 放一点酱油,一点点水,喜欢甜的也可放几粒糖续煸让它入味,也可加一下下盖。 || 感觉有了,就可以出锅了。"
r0000093,南瓜#鸡胸肉#锅巴饭#好吃到没朋友,锅巴,鸡胸肉 | 红豆 | 南瓜 | 青豌豆 | 胡萝卜 | 香菇 | 洋葱 | 花生油 | 花椒 | 耗油 | 盐 | 姜 | 大米,13,4,"准备食材,鸡胸肉可以换成腊肠,会比较香,但是脂肪比较高,之前做过,本次换成鸡胸肉,健身的小姐姐大爱,香菇我用的是干香菇泡发的,总觉得比新鲜的要香 || 准备好大米和红豆,也可以加糙米,家里没有了,呜呜呜 || 热锅加一点点油,放花椒,姜丝记得油一定不要太多 2.加入香菇胡萝卜翻炒,再加入鸡胸肉,放入一勺耗油,继续翻炒,再加入南瓜翻炒,最后加入一小碗水,不用煮开 3.把翻炒后的食材倒入准备好大米的电饭锅里同时把汤汁一起倒入,不要超过食材,略少一点,同时加入准备好的青豌豆,盐适量,开煮,我家电饭煲是美的,我选的是锅巴饭,也可以选粗粮饭 4.煮好后,倒入准备好的洋葱粒闷2分钟后,搅拌均匀,哇美美的南瓜饭就可以吃了 如果不喜欢花椒可以不放,川妹子啥菜都习惯放花溅了😭喜欢就好啦!!! || 喜欢做饭的小姐姐,把它当成一种乐趣,你会发现生活如此美好😊"
r0000094,奶油霜转印,,蛋糕坯 | 裱花袋 | 裱花嘴,3,6,抹好蛋糕一个 || 拿张纸画什么动物什么都好 || 然后在拿张油纸放在画纸上面 || 用意式奶油霜挤出轮廓 (意式奶油霜网上可查) || 涂好后放进冰箱 等硬了拿出来放在蛋糕上面 || 最后装饰
r0000095,猪肉香菇酱,猪肉香菇酱,朵香菇 | 肉末,2,5,"准备所有材料,香菇炒干水分备用, || 热锅凉油,放入生姜,肉末炒变色, || 加入老抽上色,放入生抽,糖,翻炒,加入香菇,番茄酱, || 熬至粘稠,加入花生,白芝麻,关火,放入容器,凉透了放到冰箱冷藏, || 完成了。开吃吧。"
r0000096,雪菜小肠,小肠,小肠 | 姜 | 雪菜 | 糖 | 干辣椒 | 植物油 | 淀粉,7,3,"小肠有卖半成品的地方就买半成品(要没有味道的那种不是熟食店里那种直接可以吃的)我这边是用的生的未经处理的,回来还要清洗,除去多余的肥油,然后放水中加料酒加姜片煮熟。煮到筷子可以穿透小肠即可 || 备料,姜切末,水淀粉一汤匙加三汤匙水调开,雪菜取菜梗部分切碎,干辣椒洗净,喜欢吃辣可以带籽切碎。 || 锅烧干加油,放入姜末干辣椒跟雪菜碎,中火稍微炒一下加水150cc左右,加入切段煮熟的小肠,煮一会儿加极少量的糖,尝咸淡,不够加盐,加鸡精,勾芡点明油起锅!"
r0000097,干煎龙利鱼,,"龙利鱼 | 苦细叶 | 小的红萝卜 | 手指胡萝卜 | 秋葵 | 速冻玉米粒 | 橄榄油,盐,黑胡椒,料酒",7,11,"龙利鱼解冻,洗净,用厨房纸巾洗干水份,切成三段 || 龙利鱼段加入10克橄榄油,1小勺(1tsp)料酒,1克盐,拌匀,腌5分钟 || 玉米粒用水煮熟 || 小红萝卜切薄片 || 胡萝卜一切二和秋葵一起放水煮3分钟,水开后,加入少许盐 || 把秋葵切小片 || 炒锅烧热后,放入腌好的龙利鱼,开小火,慢煎,其中不要翻面,鱼肉容易碎,一直煎到鱼肉全部变白,就好了,然后撒上黑胡椒碎 || 先在盘子上铺上一点苦细叶 || 最后把鱼肉放在苦细叶上,再装点上所有食材,即可 || 由于是减脂餐,所以没有更多的酱汁来搭配,基本都是吃原味,龙利鱼本身够鲜嫩,搭配上配菜一起入口,还是很好吃的呢! || 我是Catherine,我在这里与你分享美食,分享生活。喜欢我,就赶紧关注我的微信公众号吧!"
r0000098,糙米西兰花虾仁炒饭,虾仁炒饭,100G糙米 | 220G西兰花 | 全蛋一个、鸡蛋白一个鸡蛋 | 75G虾仁 | 10G蒜头 | 2G姜,6,2,鸡蛋是水煮的 || 全部饭在一起炒OK
r0000099,香椿拌豆腐,香椿拌豆腐,香椿 | 嫩豆腐 | 盐 | 油 | 麻油 | 生抽,6,5,"水烧开后下嫩豆腐焯水一分钟捞起,沥干水分后放入盘中。 || 香椿洗净放入开水锅中烫至变色,大约45秒后捞起用水冲凉,再用凉开水过一下(避免生水) || 香椿取嫩头的三分之二部分(剩余部分可炒鸡蛋)切碎放入豆腐盘中。 || 倒入生抽使豆腐微微泛色,根据各人咸淡口味放入一些盐,锅内热油后浇上香椿豆腐之上,根据各人口味可放入一些香油,也可不放,拌匀即可。 || 一盆香椿味很浓的拌豆腐就出现了。"
r0000100,水煮鳝段,水煮,桥头水煮肉片调料包 | 黄鳝 | 豆芽 海带 土豆 莴笋都可各种铺底蔬菜 | 蒜泥 葱花,4,6,"黄鳝切段,切成鳝片都可。 || 锅中放一大碗开水,倒入调料包。大火煮开。 || 倒入铺底蔬菜焯熟。盛出。 || 倒入鳝段,大火开后转小火15分钟。连同汤汁一起倒入刚才盛菜的大碗。 || 碗中撒入辣椒粉,蒜末,葱花。在再另起油锅,滚油后倒在辣椒粉葱姜末上即可。 || 口味正宗。"
r0000101,原创钳花包系列4灯笼包,,1.面粉 | 水 | 糖 | 酵母 | 油 | 2.豆沙,6,15,"材料1拌匀成棉絮状。 || 揉匀成团后,加入少许油,揉光滑。 静置十分钟。 一发做法。 || 面团平均分成40克左右的剂子,包入豆沙馅,收好口,整成圆包。 || 首先先捏起个鱼嘴的形状,如图。 || 拿这种平花夹,先夹起一条,如图。 || 对称的夹另一边,一共夹8条。 || 夹后的样子,这一款是这样子。 再说一下叧外一款。 || 面团包入馅,整成圆形。 先中间夹起一条。 || 然后再平均的一边对称的夹出3条, 一共是8条。 || 再用面团压出小花,粘在中间,如图。 夏天室温发酵半小时, 冬天烤箱30度发酵半小时, 蒸十分钟。 || 好看不 || 胖了😊 || 一个小胖 || 小花款的 || 有没有像灯笼"
r0000102,每天带便当,,米 | 时令蔬菜,2,1,"豆角炒肉丝,泡菜炒魔芋,糙米饭"
r0000103,土豆焖饭,土豆焖饭,土豆 | 胡萝卜 | 玉米 | 干香菇 | 素火腿 | 素耗油 | 生抽 | 盐,8,8,"先把所有材料切成小丁 || 热锅下少许油,先放干香菇和火腿,把它们煎至焦黄 || 接着土豆稍微煎一下,然后依次把所有材料放下去,均匀翻炒 || 加比食材少一点的水,加素耗油,生抽,少许盐,少许黑胡椒粉,炒拌均匀,开中小火煮一会 || 煮的时候把米淘好,我这是两人份,可以比平时吃的分量稍多,水量和平时煮饭比例一样(喜欢吃米粒分明较硬的口感可以少放水) || 接着把煮入味的材料倒进电饭煲 || 按焖饭键 || 煮好后翻拌均匀即可(喜欢吃香菜的可以开锅后把香菜切碎放入一起搅拌)"
r0000104,(烤箱版+平底锅版)梅干菜饼,梅干菜饼,雪花面粉 | 热水 | 梅干菜肉燥 | 食用油,4,26,"准备做好的梅干菜肉燥 || 把梅干菜肉燥倒入绞肉机打10秒钟 || 打碎 || 倒回锅里,炒干,放凉待用。 || 揉面:用的是烫面面团,水温85度左右,面粉倒入盆里,边加水边用筷子搅拌,搅到没有干粉,等不太烫的时候就用手揉成团 || 成团即可,不用揉到光滑。盖上盖子松弛40分钟。 || 面团快松弛好时把梅干菜馅平均分成6份。 || 烤箱预热230度,同时准备一个大烤盘铺上油纸。 手上抹一点食用油,取出面团,揉一分钟左右,也没有完全光滑,大致光滑就可以了。 || 平均分成6份 || 取一个面团擀平,放一团梅干菜馅,包起来,收口捏紧 || 包好馅的面团表面刷上油放在一旁松弛,接着包完剩下的,每一个都要仔细刷油,防风干防粘。 || 取第一个包好的面团先用手轻轻压扁,如果有气泡就用牙签扎破 || 再用擀面杖轻轻擀开,往长了擀,有一点破也不要紧 || 擀长后就可以移到烤盘里,还不够薄的话就用手轻轻推、压,边缘尤其要薄,最后饼大概是长26cm宽15cm,撒上白芝麻,再用手压,把芝麻压入面饼中,表面刷油 || 放入已充份预热的烤箱中层230度烤15分钟左右,最后5分钟翻一下面。 || 这就是烤箱版的薄脆饼,只要饼皮够薄,烤到位,就一定是脆的,时间只是参考,根据自己烤箱的脾气来,烤到金黄。烤过头就糊了,没烤透就不脆。 || 我的烤盘一次只能烤两个饼,一共有6个小面团,所以在烤的时候我又用平底锅烙了软饼。 取一个包好馅料的面团轻轻压扁,擀成约16cm的圆饼 || 平底锅倒一点油烧热,放入饼坯,中小火每面烙约两分钟烙到金黄即可,翻面的时候再可以刷点油,色泽会更好,这饼很好熟,注意别烙太久。 || 这样做就是很柔软的饼,凉了都软,这小一点的饼是烙了两个,还剩下最后两个面团,擀得更薄一些来烙。 || 这次要擀得比上面的饼薄一些,烫面面团延展性是很差的,很容易破,所以动作尽量轻柔,擀到25cm左右,烙的方法也跟上面一样,但是时间要长些,烙到两面金黄后还需要多翻几次多烙一会儿。 || 这样烙的薄饼口感是柔软中带些脆的口感,但是不如烤箱版的脆,大家根据自己的喜好来吧! || 要根据自己面粉的吸水性来调整水量,我用的是自家铺子的雪花面粉,大家可以用普通面粉就行。 面饼上刷的油,如果是葱油就最好了,葱油跟梅干菜非常搭。 || 不管是烤箱版的薄脆饼还是平底锅版的软饼,都是刚做出来的时候最好吃。梅干菜肉燥的做法昨天发过了,这样炖煮的肉燥用来做馅料要比随便炒一下就用的味道好得多。 || 烤箱版脆脆的 || 成品 || 享受美味吧😋"
r0000105,麻辣鸡脖,麻辣鸡,鸡 | 豆瓣 | 葱白 | 花椒粉 | 花椒 | 盐 | 料酒 | 生抽 | 白砂糖 | 八角 | 香油 | 味精 | 大蒜 | 姜 | 辣椒油,15,1,"鸡宰杀治净,取鸡脖洗净放入锅内,锅内加姜、葱白、花椒粒、大料中火煮至刚熟时捞起盛于碗内,用料酒、生抽酱油腌十分钟;2。炒锅下红油,放入豆瓣炒出香味,放入鸡脖,倒入原腌料汁,加少量糖和水,炖至汁将干时,加花椒粉、盐、味精、蒜末、香油,翻炒均匀即可"
r0000106,"江米条,休闲小零嘴",江米条,糯米粉 | 麦芽糖 | 黑芝麻 | 水,4,3,"综合了两个方子 糯米粉300g,麦芽糖75g,水200g。麦芽糖倒入锅内加水煮至沸腾,取2/3糯米饭倒入盆内,倒入刚烧开的麦芽糖水,搅拌。剩下1/3糯米粉加进去,揉成光滑的面团,擀成 || 5厚的面片,切成小段,搓圆。凉油入锅,全程中小火,金黄出锅。 另起一锅,150ml清水,70g白砂糖,熬至起绵密小泡,下江米条裹均匀,最后撒少许白糖颠均匀,有黑芝麻就更香啦~ || 敲黑板: 1、麦芽糖的作用:可使江米条炸完之后里呈是蜂窝状态。 2、江米条要冷油下锅的。新手少量多次炸,不然黏住很头疼,恨不得手伸进去把江米条分开。 也是被疫情逼疯了,在家每天都换着花样做吃的,方子也是给自己做个笔记,以后想做的时候回来看看🤗🤗"
r0000107,绿豆糖水,,绿豆 | 海带丝 | 臭草 | 冰糖或片糖 | 水,5,5,绿豆泡浸一两个小时就可以了。隔夜亦可。 || 绿豆用适量的水煮烂。水挥发可以再加。稀稠度随喜欢。 || 差不多好了就放海带煮。 || 绿豆都煮好后放臭草。臭草一点就好。味道很重的。 || 放糖。完成。
r0000108,麻辣猪蹄,麻辣猪蹄,麻椒猪蹄 | 香叶干辣椒 | 葱郫县豆瓣酱 | 蒜姜 | 冰糖蚝油 | 老抽生抽 | 八角,7,5,"冷水放入三片姜,几段葱,俩勺料酒,然后下猪蹄,水开后再煮四五分钟就可以! || 热锅冷油,油热后小火煸炒干辣椒,麻椒,葱,姜,蒜,香叶,八角,出香味后放入郫县豆瓣酱,炒出红油! || 放入猪蹄,翻炒均匀,放入适量生抽提味,少量老抽,蚝油,冰糖,根据自己口味添加 || 倒入开水,要多放些,我第一次水就没放够,中间又添加的,小火要炖一个小时以上,最好俩个小时,猪蹄才会特别软烂,有使用高压锅的话会更快,我没有就用的炒锅! || 出锅前放入盐,少炖一会,然后大火收汁,出锅喽!"
r0000109,高颜值低难度的快手版火烧云吐司,火烧云,克糖8 | 个鸡蛋2 | 吐司 | 柠檬汁,4,4,"准备两个鸡蛋,分离蛋清和蛋黄(因为做的是两人餐所以用两个蛋~) || 在蛋清内先加入少量的白砂糖和柠檬汁进行打发(加柠檬汁是为了除腥)在打发蛋清的过程中分2次少量的加入白砂糖进行打发至硬性蛋白,如图所示(话说这个白砂糖的分量我是凭感觉加的,喜欢甜一点的朋友可以多加一点哦这样烤出来的蛋白也会甜甜哒~) || 这一步,忘记拍照了╮( ̄▽ ̄"""")╭把蛋白抹在吐司上,码好造型后在蛋白中间挖个小坑,倒入蛋黄,将吐司放入预热好的烤箱内,上下管140度,烤个10-15分钟即可出炉咯~ || 拍照摆盘啥的颜值真的是高,但是口味我要说一句公道话有一点蛋腥味,我比较受不了这个味道,然后就是最好最后关头注意下烤箱内的吐司,免得蛋白烤糊糊咯(如果大家有好的建议欢迎来提点我哦~嘻嘻😁)"
r0000110,水煮海螺(附海螺的挑选方法),水煮海螺,海螺 | 姜末 | 盐 | 醋,4,7,"海螺用刷子洗刷干净放入锅中,加凉水盐。大火烧开转中火煮3分钟。 || 海螺按一下肉回缩的幅度很小就是当天新货新鲜的;不按的时候顶上这块软盖越往上越新鲜越肥。可以理解成肉结实。 如果是很多天的海螺,盖和肉会在海螺的中间甚至还往里,这种也是活的,但是已经很瘦了。 || 煮开后的白沫不用撇出来,这是蛋白。 || 姜用刀背切姜末。 || 加醋调一下,就是姜末汁了。 || 煮好后直接装盘。 || 用筷子转圈调出来,蘸姜末汁可以吃了😄。"
r0000111,日式土豆色拉面包,拉面,风和制菓全粒粉 | 液体酵种 | 鲜酵母 | 食盐 | 水 | 土豆沙拉 | 橄榄油,7,10,"将水、食盐一起搅拌至盐溶解,加入安琪鲜酵母,液体酵种,搅拌均匀,加入风和制菓全粒粉,揉捏成团上劲。 || 放入密封箱发酵2小时,其中翻三次面,使其上劲有弹性。 || 两小时后分割150克一个面团,揉圆,继续室温发酵1小时后成型。 || 将发酵好的面团包入土豆沙拉,成型圆形摁扁。也可将面团揉圆隔夜冷藏,第二天包馅。 || 放入发酵箱或室温继续发酵30~40分钟。 || 表面刷橄榄油, || 用手指按压指印。 || 放入烤箱以上火260°C,下火220°C,烘烤9分钟,出炉刷橄榄油,一款美味的土豆沙拉面包就完成啦! || 烤好了 || 香喷喷好吃看得见"
r0000112,小乌龟菠萝包,菠萝包,菠萝皮 | 高粉 | 低粉 | 干酵母 | 细砂糖 | 盐 | 蛋液 | 牛奶 | 黄油 | 奶酥馅,10,6,"除黄油,所有材料放入面包机,和面程序,直到可以拉出比较厚的膜。加入黄油,和面程序,直到拉出薄膜。 || 启动发酵程序,约40分钟。发酵时先制作菠萝皮,冷藏后制作奶酥馅。 || 发酵结束后,面团排气,分割成40克,5克,12克面团各8个,1滚圆后松弛15分钟。菠萝皮分成8等分,奶酥馅分成8等分。 || 案板上撒手粉,40克面团,略压扁,擀圆,包住奶酥馅。菠萝皮冻硬以后擀圆,包住大部分面团。 || 菠萝皮表面蘸细砂糖,用刀背划出纹路,放到烤盘上。5克面团搓成水滴状,塞到面团下面做头,12克面团分成5份,搓成两头尖中间鼓的长条,塞到面团下面做腿和尾巴。 || 放入烤箱,放一杯热水,关门,二次发酵到两倍大,在没有包菠萝皮的地方刷上蛋液。烤箱预热180度,中层,上下火,20分钟。出炉冷却后,用巧克力笔画眼睛和嘴巴。"
r0000113,辣白菜香肠炒年糕,香肠炒年糕,年糕 | 辣白菜 | 香肠 | 蒜 | 香菜 | 葱 | 油 | 0.2匙克味精,8,15,准备原材料年糕、香肠、辣白菜、葱、蒜、香菜 || 年糕切成斜片一定要注意安全因为年糕有些硬不太好切不要切到手哦 || 香肠切成片状 || 葱、蒜、香菜洗净切成粒状 || 锅中烧开水放入年糕片焯水至年糕漂浮上来即可 || 焯好水的年糕立即放入冷水中过凉多冲洗几遍沥干水份备用 || 锅中倒入底油加热放入葱、蒜粒爆香再放入香肠翻炒片刻 || 放入辣白菜大火快速翻炒均匀 || 放入年糕片为了防止粘锅也可以添加少许清水翻炒均匀 || 最后放入味精调味均匀使年糕均匀的裹上辣白菜汁撒上香菜葱花提鲜即可出锅 || 蒜辣可口的辣白菜香肠炒年糕装入盘中就大功告成了 || 搭配青团和牛奶一起吃味道棒极了 || 年糕入口混搭着辣白菜和香菜的味道让人回味无穷 || 年糕的营养价值非常丰富家人也非常喜欢吃噢 || 普通的食材用心去做就会有意想不到的美味佳肴品尝噢
r0000114,纯味抹茶曲奇,抹茶曲奇,低筋面粉 | 无糖抹茶粉 | 糖粉 | 黄油 | 蛋液,5,10,"黄油室温软化,加入过筛糖粉 || 打蛋器将黄油糖粉打至颜色变浅体积蓬松羽状 || 分三次加入蛋液(每次搅拌均匀了再加) || 面粉过筛分次加入黄油糊,拌匀 || 加入过筛抹茶粉,拌匀 || 把拌匀的面团用保鲜膜裹上,滚成长条,或用模子捏成长方形 || 放入冷藏室一小时冻硬 || 取出面团,切成4mm左右的薄片 || 烤盘铺上油纸,将面片置于油纸上,面片与面片间留出缝隙 || 烤箱中层,上下火160度,8~10分钟,每家烤箱皆不同,因此根据需要自行调整,注意观察饼干色泽"
r0000115,猪里脊沙拉【碧鬼】,,芥末 | 蛋黄酱 | 盐 | 里脊肉 | 小西红柿 | 鹌鹑蛋 | 黄桃 | 橄榄油 | 黑胡椒 | 紫生菜 | 大叶生菜 | 苦菊 | 少量玉米粒、橄榄、红豆,13,9,"将切成宽3cm长8cm长方条的里脊肉放盐、黑胡椒、橄榄油腌制。 || 培根平铺卷入腌制的里脊肉。 || 用牙签插好固定。 || 放入烤箱烤6分钟、平均切成4份。 || 在容器中加入紫生菜、大叶生菜和苦菊。 || 加入少许玉米粒、橄榄、红豆。 || 小西红柿、鹌鹑蛋切块,加入。 || 将芥末、蛋黄酱、盐倒入容器搅拌均匀。 || 将芥末蛋黄酱加入沙拉中。"
r0000116,假的豆乳盒子,豆乳盒子,@盒子 | 切成盒子大小的2片@戚风蛋糕 | @豆浆卡仕达酱 | 黄豆粉 | 蛋黄 | 细砂糖 | 低筋面粉 | 玉米淀粉 | @鲜奶油 | 淡奶油 | @黄豆粉,11,8,"因为没买到豆浆,用生黄豆粉加少量凉水调匀,锅里煮到感觉差不多熟了。过下筛,一碗,准备约300ml,放一边。(以为可做豆浆,发现还真不是,放一会就变成沉淀加水了,通过实验,仍然可以做)。 || 适量黄豆粉小火炒熟,待用 || 三个蛋黄,加糖手动搅打均匀。加入过筛后的低筋面粉和玉米淀粉。搅拌均匀。 || 加入豆浆,不用热豆浆。搅拌均匀。 || 倒入锅里,小火加热,同时搅拌,酱变粘稠顺滑,关火。锅放冰水盆中,继续搅拌,浓稠细腻,放冰箱冷藏。 || 打发淡奶油:淡奶油加糖,电动打发,打至奶油状。 || 卡仕达酱和奶油各自装入裱花袋 || 盒子里铺一层蛋糕片,挤一层奶油,花纹随意,奶油上铺一片蛋糕,卡仕达酱裱花,一坨一坨的,或其他自己喜欢的样子。熟黄豆粉过筛撒在表面,喜欢吃多撒点,不喜欢少撒点。"
r0000117,无糖脱脂酸奶,脱脂酸奶,酸奶机 | 酸奶菌粉 | 脱脂奶粉 | 左右40度左右温开水 | 乳清蛋白粉 | 一丢丢代糖 | 一副筷子,7,13,"把洗干净的盆放小电子秤上,清零。我没有事先烫盆,做的也每次都成功。 然后称取110g脱脂奶粉。 || 添加10g左右的乳清蛋白粉。我用的是诺特兰德的巧克力口味,不过是6.2磅大桶装,如果觉得那么多自己用不完的话,可以淘宝找试用装或者看看小桶的。我觉得这个口味好,性价比高,其他牌子应该是一样可以的。不过记住是乳清蛋白粉不是增肌粉哦。 || 加温开水至厨房秤显示350-400左右。(ps:烧开的水晾到不烫手的温度,就可以啦~) 接下来搅拌!搅拌!搅拌!直到你觉得都溶解了。加了蛋白粉的话就以蛋白粉溶解为准。过程大概3分钟左右?没看过表。不过最好是把盆拿下来在桌面上再搅拌哦~因为一般厨房秤的最大量程是1kg,使劲儿太大压力导致超过它的量程对秤不好。再加上厨房秤本身有些面积较小,会不稳,容易洒。 || 这是搅拌均匀以后啦,就看不到有颗粒就好。然后放1袋酸奶菌粉,我用的川秀7菌,紫红色外包装袋那种。里面小包装的样子就是图上这个白色小袋子。 || 放一丢丢代糖,真的是一丢丢啊,那种小小勺放个小尖尖不到 || 1g就够啦,或者是显示两位小数的电子秤放 || 06g左右。我家是一位小数的。 || 这个是代糖,真的必须推这个代糖,100g装用了一年半了还有估计80g。毕竟600倍甜度,具体资料见下一张图,或者大家自行度娘。 || 这是代糖的“个人档案”,所以接下来的食谱中这个代糖会出现n次~真的是我的心头好。 || 加水到显示800左右,最好加到多一点点,一般我是加到815左右。因为一天200的量,而且盆里肯定有沾上的剩余。 || 继续搅拌均匀。这是搅拌以后的。有泡沫也没关系,可以撇掉或者就直接盖上盖进酸奶机都可以。开机,选择酸奶档。10小时后等机器叫,拿出盆晾一会儿,或者直接放入冰箱,一般我都是早上做晚上到点拿出来然后第二天早上就可以喝啦~ || 买奶粉的小贴士:找下面这种配料表中只有脱脂乳粉的,或者有的写的是生牛乳或者什么之类的,反正就是没有添加其他东西的。不要买上面那种加了很多东西的。不是说添加其他东西的不好,毕竟我没研究过这个,只是东西越多可能的影响因素就越多,越容易做不好。可能我是个成分党,哈哈哈哈。 || 这个是加上青汁搅拌均匀以后的样子~原谅我的渣摆盘吧。好吃就行对不对~"
r0000118,西班牙風炒鸡肉,炒鸡肉,去骨鸡肉 | 甜椒 | 洋葱 | 1大匙(2-3瓣)大蒜末 | 1大匙橄榄油 | 洋菇 | 2大匙米酒 | 2大匙水 | 3大匙小磨坊西班牙海鲜酱 | 烫熟花椰菜,10,12,"洋葱、甜椒切大块,大蒜切末,洋菇1切4,若洋菇比较大,就1切6。 || 热锅,下橄榄油,转中小火。 || 锅热后,将鸡皮朝下慢煎。 || 鸡皮煎至金黄焦脆后,翻面煎至表面熟。 || 将鸡腿取出,切成入口大小。 || 原锅不用再放油,直接下蒜末炒香。 || 加入洋葱块,炒至微微透明。 || 加入洋菇拌炒,并呛入2大匙米酒,炖炒出洋菇汤汁。 || 加入鸡肉,并加入一大匙水。 || 将盖子盖上,转小火闷2分钟。 || 打开盖子,放入甜椒和3大匙小磨坊西班牙海鲜酱拌炒。 || 最近放入花椰菜,即可上桌。"
r0000119,在家做羊肉烩面(从汤到面),烩面,羊骨 | 羊肉 | 面粉 | 海带丝 | 豆腐皮 | 木耳 | 绿叶蔬菜,7,10,"在开始之前首先要炖羊汤。羊骨泡去血水,冷水下锅,放花椒,料酒,葱姜焯水,另起一锅水,放葱,姜,八角,干山楂和焯过水的羊骨,炖至汤发白,放盐调味备用。我炖汤的时候放了白萝卜是因为喜欢吃,忽视它。如果准备的是羊肉,也可以一起炖煮。 || 面粉加一点盐揉成光滑的面团,要揉的稍微软一点,是那种很容易揉的动但是不粘手的状态,盖上醒十分钟 || 把面全部切成长方形的面剂子 || 擀开成长方形的厚片,在中间用筷子压一条印,方便拽面 || 找一个干净的盘子,盘子上刷油,在面片两面抹油,这一步是为了让面更有延展性。盖上保鲜膜,在冰箱冷藏醒发一小时以上。如果是早上吃可以前一天晚上做好,隔夜醒发一夜。 || 继续准备配菜,千张和海带切丝,把配菜烫熟。如果准备的是牛羊肉片也烫熟。如果准备的是羊肉,跟羊汤一起炖熟。 || 起锅烧水,水开拽面。先拉着两头把面片拉长,然后从中间用筷子按的痕迹迅速撕开即可。开锅点一次水就可以了 || 绿叶菜一起下锅烫熟。我放了菠菜和油菜 || 面条捞出过凉水,然后把配菜摆到面上面,浇上炖好的羊汤即可。 || 美味的羊肉烩面~"
r0000120,妈妈的味道——酸辣包心菜,,包菜 | 盐 | 糖 | 醋 | 生抽 | 辣椒 | 玉米淀粉 | 猪里脊,8,6,"准备食材 || 把里脊肉切片,用生粉勾芡,待用 || 包心菜洗净,用手掰开,并放一点盐,腌制一下,晾干 || 肉片用油,炒熟,盛出,待用 || 油锅放入包菜,进行煸炒。炒至3成熟,加入糖;炒至5分熟,放入醋;炒至7分熟,加入盐和生抽;炒至9分熟,加入辣椒。 || 盖上锅盖,开小火,慢慢炖。五分钟左右,开盖,盛出。"
r0000121,🍐番茄土豆牛肉面🥩,土豆牛肉,土豆 | 西红柿 | 牛肉 | 雪梨 | 宝宝面,5,2,"准备好所有的食材 || 雪梨去皮打泥/牛肉 番茄 土豆煮熟一起打泥 浇到煮好的宝宝面上面,加点核桃油给宝宝一起吃"
r0000122,鸡蛋酱 蘸酱菜必备,鸡蛋酱,勺豆瓣酱 | 个鸡蛋 | 根小葱,3,6,"准备好各种蘸酱菜所需的菜,蘸酱菜吃起来。 || 起锅 || 加入豆瓣酱,炒均匀 || 鸡蛋炒散 || 葱花爆香 || 鸡蛋打散,葱切末,海天豆瓣酱。"
r0000123,椰蓉小餐包,,面粉 | 鸡蛋 | 糖 | 酵母 | 黄油 | 椰蓉 | 奶粉,7,7,"这是椰蓉馅,用的椰蓉和一个鸡蛋还有黄油,奶粉,糖弄成的 || 和做面包一样的步骤,揉成小面团发酵 || 这是花卷 || 花卷做好的样子 || 涂上蛋黄液180度烤20分钟,时间自己控制吧,毕竟每个烤箱不一样,看着颜色可以就可以了 || 出炉了 || 低筋面粉做出来组织也是可以的,而且很香香o"
r0000124,白汁鸡腿蘑菇意面(减脂人士必备),鸡腿蘑菇,份意面 | (随意即可)白蘑菇 | (随意即可)菠菜梗 | (随意即可)西兰花 | 洋葱 | 鸡腿 | 大蒜 | 黑胡椒 | 盐 | 水淀粉,10,7,"鸡腿去皮切小块,加少量耗油或者豉油抓匀待用(去皮去骨后的鸡腿肉大概也就剩下60-70克); || 锅里装水烧开,下一点点盐,下意面煮开,小火煮10-15分钟,视意面数量而定,差不多的时候咬一根试试。喜欢软一点的就煮久一点; || 菠菜切手指长度,洋葱切条,蒜切末,白蘑菇切片; || 煮熟的意粉捞起,下西兰花跟菠菜梗,水开煮3分钟捞起(菠菜有草酸,水煮能去草酸去涩); || 平底锅烧热放少许橄榄油,下蒜末,洋葱,炒软后下蘑菇,鸡腿肉,炒一分钟。 || 往锅里加入牛奶,烧开后小火煮5分钟。然后下盐,黑胡椒,味道比平时稍微咸一点即可(因为等会下意粉会冲淡味道); || 味道调好后下意粉,煮1分钟。下水淀粉,收汁关火即可。"
r0000125,Carbonara大虾蟹味菇意粉,,黄油 | 盐 | 洋葱 | 蛋黄 | 牛奶 | 芝士 | 蟹味菇 | 虾仁 | 欧芹 | 黑胡椒 | 糖,11,5,"先把所有材料准备好,然后一边烧水一边把菇洗净,把虾仁解冻,再切碎洋葱,我个人觉得只加洋葱煎煮就够味了,如果加蒜蓉会变得有点冲,不过喜欢蒜蓉的朋友可以加一点来煎煮 || 好啦,所有材料处理完后开始把煮好的意粉捞备用,意粉加盐煮5分钟左右就足够了,然后留一点意粉水,这是为了酱汁煮得更黏稠。 || 姐姐原图系列。把黄油放进热锅里融化,再倒入洋葱,翻炒出香味后再加入蟹味菇,翻炒一会再加入虾仁,可以把虾仁剁碎,也可以整只加入,这次我是剁碎了一只,然后剩下两只整只煎炒,最后中火炒到香喷喷的时候就可以把火调小,加入牛奶和芝士,慢火把芝士翻炒融化,味道香香的奶油味后就把刚刚捞起的意粉加进去,最后可以加一点意粉水、盐、黑椒、糖一起煮。 || 我这次在停火后加入了连个蛋黄,说实话,蛋黄生吃,感觉口有点胶结,没有只有奶和芝士那么顺滑,所以如果想要口感好点的小伙伴建议不用加蛋黄了,虽说传统的carbonara确实最后需要加入蛋黄调味。 || 噔噔蹬,一人份的carbonara完成啦。噢,亲爱的,最后记得撒上欧芹,一种谜一样的好吃,一种神奇的调味料,一种让味蕾感动的味道。愿一个人吃饭也吃出幸福感哇😋"
r0000126,黄芪花生粥,花生粥,花生 | 去核红枣 | 黄芪 | 粳米,4,1,"黄芪煎水30分钟,取汁,加入红枣、花生、粳米熬粥。"
r0000127,懒人滑菇嫩豆腐,,嫩豆腐 | 秀珍菇 | 生抽 | 盐 | 糖 | 耗油,6,7,"嫩豆腐放入盘中,用水稍微冲洗一下(不要直接冲在豆腐上,易碎),然后用水果刀🔪直接在盘中划成小块 || 秀珍菇撕成小片浸泡冲洗干净 || 大葱切片,生姜切丝/片(也可用小葱,葱白切段,葱叶切成葱花) || 小半锅水(大概1小碗半),入葱姜,2勺生抽,半勺耗油(可不用),1小勺糖,适量食用油,嫩豆腐块,大火烧开 || 入秀珍菇,用筷子/锅铲铺散均匀,盖锅盖中火煮10分钟左右 || 开盖大火收汁,依个人口味入少许盐,汤汁收的差不多了即可!🔚 || 若用小葱,在快装盘前撒入葱花👆🏼(小葱版)"
r0000128,肉松小贝蛋糕🍰,,👇👇👇蛋糊👇 | 低筋面粉 | 蛋糊 | 牛奶 | 玉米油 | 盐 | 👇👇👇打发蛋白👇 | 蛋白 | 细砂糖 | 👇👇👇👇 | 沙拉酱 | 海苔肉松,12,20,"材料备好...... || 牛奶🥛和盐倒玉米油中,手动打蛋器Z字形拌均匀~ || 加入5个蛋黄继续混合均匀、蛋清放冰箱冷藏一下,做好蛋糊拿出来打发~ || 过筛面粉拌匀~ || Z字型翻拌至无颗粒~ || 接下来打发蛋清,分三次糖加入,滴几滴柠檬汁、 || 打发有泡完继续加入第二次糖中速打发~ || 第三次糖加入,高速打发至有条纹路,打蛋器提起有鸡尾尖就可以了、 || 做好了两份小白小黄~ || 小白过小黄,分三次过~硅胶刀拌匀~ || 继续加二次小白过小黄~ || 第三次将小白过小黄刮干净继续拌均匀~预热烤箱150预热10分钟...... || 动作要快,做好啦!过烤盘...... || 倒入28*28烤盘中~铺平~ || 轻震三下,去泡泡~ || 放烤箱中下层,上下管150烤30分钟~ || 出炉啦!肉松准备好~ || 做正方形的小贝,用刀切开~小个个正方形~ || 看图就会~中间挤沙拉酱,周围也可以挤点沙拉酱比较贴肉松~ || 做好啦!好好吃😋装盒子冷藏更好吃哦、"
r0000129,入口即溶🥔土豆香菇炖肉,香菇炖肉,土豆 | 香菇 | 五花肉 | 熟芝麻,4,1,"五花肉焯水晾干备用。 2.下葱、蒜爆香,放五花肉翻炒片刻,放土豆、香菇,加入冰糖、耗油、生抽、老抽,翻炒均匀。 3.加温水,小火煮20分钟,下熟芝麻。"
r0000130,午夜食堂の鸡蛋马铃薯沙律,,鸡蛋 | 中等一个马铃薯 | 青瓜 | 红萝卜 | 芝麻沙律酱 | 各少许盐、糖、胡椒粉 | 装饰可省略白芝麻,7,10,"冷水煮三个蛋,一个马铃薯 || 红萝卜切丁过沸水 || 青瓜切丁备用 || 做到这,鸡蛋应该熟透了,捞出来过冷水,泡着 || 鸡蛋切丁,别太小,待会会后悔 || 马铃薯切丁,也别太小了 || 坚持,最麻烦的你已经做完了 || 把红萝卜丁、青瓜丁、马铃薯丁放一块,撒点盐,胡椒粉,糖(不必太重手),拌一拌 || 把鸡蛋丁也放进去,可以放灵魂的沙律酱了,我喜欢芝麻味的。轻手轻脚的混一混 || 撒点芝麻,鼓掌!大功告成。(很抱歉通知,如果你是肉食动物,看到此处请忽略这菜谱)"
r0000131,鸡蛋肠粉,鸡蛋肠,鸡蛋 | 2汤勺澄粉 | 3汤勺水 | 小葱 | 盐 | 油 | 海鲜酱油,7,9,"鸡蛋打散加盐和葱花,澄粉加水搅拌均匀。 || 大锅煮沸清水 || 用小刷将油涂抹盘底 || 倒入澄粉液,放入锅中摇晃均匀, || 澄粉变透明后,加入蛋液 || 蛋液凝固 || 用平铲将肠粉卷起 || 装盘 || 切段,滴些海鲜酱油。"
r0000132,醋溜白菜,醋溜白菜,白菜帮 | 干红辣椒 | 大葱 | 陈醋 | 生抽 | 白糖 | 盐 | 水淀粉 | 蒜瓣,9,3,"白菜帮洗净,斜刀片成稍大块的薄片;大葱切成牛眼、蒜切片,干红辣椒去籽剪成圈; || 炒锅倒入适量油加热至五成左右,下干辣椒、蒜片和大葱略煸,放入白菜后马上加入1大勺醋炒出香气; || 翻炒1分钟后调入生抽、白糖和盐,炒匀后再加入1勺醋,然后稍稍勾一点芡,淋几滴香油出锅即成。"
r0000133,下饭菜-豆角肉丁,豆角,豆角 | 肉丁 | 蒜末 | 姜末 | 老抽 | 生抽 | 盐,7,11,"豆角切丁,肉切丁。 || 豆角焯水。 || 豆角焯水后盛出。 || 热锅红油。 || 姜蒜末下锅煸香。 || 肉丁下锅煸炒。 || 肉丁煸炒出油。 || 肉丁加入老抽炒出香味,再加入生抽。 || 肉丁着色均匀后倒入豆角丁。 || 翻炒均匀。 || 盛盘出锅。"
r0000134,故宫水晶大白菜饺子,大白菜饺子,"按照原方子,澄粉 | 玉米淀粉 | 开水 | 馅料随便自己喜欢",4,14,"来一个种草图先,水晶白菜蒸饺,美的不要不要的,看了不下十遍,收藏的人不要太多 || 澄粉玉米淀粉倒起来,容易😎 || 85毫升开水烫起来,咋是糊糊捏?难不倒机智如我,早就其他方子里做过功课,盖保鲜膜焖五分钟😎 || 五分钟结束,还是一滩浆糊,这个时候该用上我的急智了😎,水太多,加面!➕10克澄粉5克淀粉,还稀?再➕20克澄粉10克淀粉,大功告成,成团了✌️ || 分成两个球,一球加色素 || 我擀,kao!全粘棍子上了,那我用化骨绵掌按压😎 || 我卷,kao!想象总是美好,现实支离破碎😢 || 不管,硬是搓揉捏,用了太极手法,卷成了棍棍切成了坨,一个如来神掌下去,开花了😿 || 放弃吗?怎么可能!捏!破不拉几也要把你们捏在一起 || 捏哪裂哪,此刻内心在呼喊:面粉君,你在哪?你快回来,下次绝不抛弃你😭 || 越捏到后来越怀疑人生,嗯,我要保持愉快的心情对待食物,微笑吧😊,生活多美好,看,不也完成了,上笼蒸去也 || 方子上说五分钟,白面!继续蒸了十分钟,终于出笼了,是不是瞬间阳光普照!相信了一句话:所有坚持终会有美好结果😉 || 晶莹剔透,宛如故宫那颗,这里有八颗,发了😂 || 开开心心咬一口,😂,谁说美丽的东西就一定可口呢?是你想多了......"
r0000135,葱油拌面,葱油拌面,根据吃面人数选择葱的数量小葱 | 生抽 | 老抽 | 白糖,4,8,"烧水煮面,边煮面,边洗葱; || 洗完之后将水分晾干; || 煮好的面放入凉白开内; || 小碗内放入生抽+老抽+白糖,搅拌均匀; || 如果没有时间,可以把葱稍微晾下,葱白切丁,放入碗内,切葱段; || 烧锅加葱爆炒,下葱的时候要注意安全,小心溅油,炒到葱段有点变黑,就加入之前的酱料; || 然后把面放入锅内搅拌均匀,快速搅拌,收汁,再把之前切好的葱白丁放入面上,一碗美味的葱油拌面就做好了٩(•̤̀ᴗ•̤́๑) || 搅拌后吃更香~ 炒好的葱段不要炒太焦,也很好吃(๑ ́ڡ`๑)"
r0000136,广式香菇滑鸡包,香菇滑鸡,馅料: | 鸡肉 | 香菇 | 胡萝卜 | 各适量调料:料酒、麻油、鸡汁、盐、糖、味精、胡椒粉、姜葱蒜粉、玉米粉 | 面团 | 低筋粉 | 糖 | 奶粉 | 耐高糖酵母 | 水 | 玉米油,12,14,"把馅料主材料切丁。香菇泡开后和红萝卜一起飞水。 || 加入所有调味料把材料拌均匀,放一边待用。 备注:玉米粉适当偏多,这样馅料蒸出来比较嫩滑。 || 现在开始揉面 1、除玉米油外,把所有材料拌一起揉光滑面便可; 2、面团加入玉米油再次揉均匀光面。 ※蒸包面团不必揉起膜,揉至3光便可(光盆、光手、光面)。 || 把揉好的面团静置5-10分钟 || 把面团擀平 || 把擀平的面团折叠再擀平,重复3次以上。 || 折叠擀平完的面团卷成长条 || 均匀平分16等份 || 把小面团滚圆擀开,包入馅料 || 收紧包口 || 进行发酵,体积发至比原来大一倍。 ※可用发酵箱或室温发酵。发酵箱一般一小时左右,室温发相对长时间。 ※发酵必须保持包面干燥(切记)。 || 把发酵好的包子放入烧开的蒸炉 || 必须开水入炉。蒸12分钟关火,关火后等待3分钟开盖取出便可。 || 清香四溢,口感细腻的香菇滑鸡包子"
r0000137,水煮豆腐,水煮豆腐,北豆腐 | 萝卜苗 | 干辣椒 | 花椒 | 郫县豆瓣酱,5,6,"将豆腐切成块,萝卜苗洗净沥干水分,放入碗中 || 锅烧热后倒入炒菜用的油量,倒入花椒和干辣椒炒出香味 || 倒入豆瓣酱炒匀 || 倒入足够的热水,水量要没过豆腐多一半即可 || 水沸腾后,将豆腐倒入锅中 || 炖一会使豆腐入味,再将豆腐翻翻面继续炖一会即可出锅,倒入装好萝卜苗的容器中"
r0000138,奥利奥奶盖,奥利奥奶盖,奥利奥牛奶 | 打泡器奶茶 | 糖粉,3,3,"我奶茶简单就用奶茶粉代替 || 奶茶冲好,牛奶微波炉加热30秒差不多有点温度就好,这样容易做成奶盖,在牛奶里加入糖粉做出来的奶盖有甜度 || 等奶茶冷点倒入奶盖在奶盖上撒点奥利奥碎"
r0000139,家庭版红烧排骨,红烧排骨,排骨 | 料酒 | 盐 | 姜片 | 生抽 | 胡萝卜 | 洋葱 | 大蒜子 | 小米辣 | 1瓶啤酒 | 冰糖 | 土豆 | 青椒,13,9,"排骨洗净后用温水浸泡半小时,泡出血水用厨房纸吸干水,食材切好备用 || 适量的油,中小火将冰糖炒化,放入排骨煸炒微黄 || 放入胡萝卜和小米辣(胡萝卜可晚点与土豆一起放,我比较喜欢吃熟透的胡萝卜,所以早点放了) || 一大勺生抽,适量的盐,翻炒几下 || 倒入半罐啤酒➕1碗水,加适量的料酒,盖过排骨,中火焖15分钟 || 焖到15分钟后加入土豆和洋葱,转中小火继续焖5分钟 || 加入青椒和大蒜子翻炒 || 收汁出锅 || 😋"
r0000140,老少皆宜的槐花煎蛋,煎蛋,槐花 | 鸡蛋 | 香葱末 | 盐 | 糖,5,5,"槐花入水清洗两遍。 || 锅中清水烧开,放入槐花焯水两分钟左右,捞出稍微放凉,沥干水分。2岁内宝宝食用,时间可稍微多一点。 || 碗里打入鸡蛋,放入葱末、盐、糖,手腕用力同一方向打散鸡蛋。加入槐花搅拌均匀。 || 锅中加入适量油,旋转锅柄,让油在锅底大面积铺开,这样不会粘锅。中火转小火,底面边缘微黄后,将蛋饼翻面,再煎一分钟左右,盛出入盘。 || 成品图来啦!局部稍微有些过火。小宝宝吃,油可少放一些,小火慢煎。"
r0000141,椰奶芒果布丁,芒果布丁,牛奶 | 椰浆 | 水 | 吉利丁片 | 白糖 | 芒果,6,5,"吉利丁片加水泡软 || 牛奶、椰浆、水、白糖煮开,加入泡软的吉利丁片、攪拌,煮溶。 || 煮好的液体放凉。同時可准备好去皮去核的芒果丁。 || 将芒果丁、椰奶液放入模具,入冰箱冷藏。 || 可以吃了!"
r0000142,潮音潮人:潮汕生腌血蛤,潮汕,血蛤 | 辣椒 | 蒜瓣 | 生姜 | 香菜 | 黑醋 | 鱼露 | 生抽 | 油,9,9,"❥ 用刷子将血蛤洗干净,放在盘中,待用 || ❥ 将香菜洗干净,去掉根部,切碎,放在盘中,待用 || ❥ 将生姜切片,再剁碎,放在盘中,待用 || ❥ 蒜瓣剥壳,拍碎后,剁碎,放在盘中,待用 || ❥ 将辣椒洗干净,切片,放在盘中,待用 || ❥ 接着,开大火,在锅中倒入适量的水,待水沸腾时,倒入血蛤,煮一分钟后,即可捞起 || ❥ 将捞起的血蛤放在碗中,依次倒入油、鱼露、黑醋和生抽;然后再依次放入香菜、辣椒、蒜头和姜碎,搅拌均匀即可 || ❥ 最后,成品完成,赶紧尝一尝 || ❥如想查看更多美食教学视频,微信搜索潮音潮人获取"
r0000143,好吃到爆的 拉丝棉花糖布朗尼,布朗尼,无盐黄油 | 黑巧克力 | 鸡蛋 | 细砂糖 | 低筋面粉 | 盐 | 可可粉 | 核桃 | 棉花糖,9,13,"无盐黄油、黑巧克力和细砂糖隔水溶化。 || 黄油黑巧克力混合液冷却后加入鸡蛋液,搅拌均匀。 || 筛入低筋面粉和可可粉。 || 搅拌均匀。 || 搅拌完成。 || 加入70克熟核桃拌匀。 || 将混合好的液体放入铺有油纸的10寸方形蛋糕模具,铺平。 || 上面放入20克生核桃粒,烤箱180度预热,放入烤箱中下层,烤20—25分钟。 || 取出蛋糕。 || 上面放入一层大粒棉花糖,再入烤箱烤10分钟左右。 || 棉花糖表面金黄即可出炉。 || 表面淋上巧克力酱。 || 切块,可以拉丝的烤棉花糖,配浓郁的巧克力布朗尼!"
r0000144,韩式炸酱意面,,韩国春酱 | 意大利面 | 肉末 | 黄瓜,4,5,"所有材料洗净备用 || 肉末翻炒后就加入春酱加水,根据自己的口味,适当的加糖和味精,最后加入淀粉调成酱汁备用。 || 意面主完直接丢进去翻炒下,这里我家了蒜瓣体香。 || 装盘当上黄瓜就完成了。 || 吃着滋溜滋溜的。看韩剧吧。"
r0000145,超浓郁的咖喱土豆茄子,土豆茄子,土豆 | 茄子 | 咖喱块 | 葱 | 姜,5,5,"土豆切小块,绿茄子切成比土豆块大一点的块 || 砂锅中加适量油,放入葱姜炒香后加入少量酱油,加入土豆,翻炒片刻 || 土豆微微变色后,放入茄块,加水至快没过茄块,大火烧开 || 水烧开后放入咖喱块,转小火慢炖,要多翻翻,容易糊底 || 炖20分钟左右就好啦,是不是超级简单,很下饭"
r0000146,简单易做下饭啤酒鱼,啤酒鱼,大罗非鱼 | 番茄 | 粉丝 | 姜片 | 蒜头 | 香葱 | 香茜,7,3,"准备好食材,鱼身用刀割几刀容易熟和入味,鱼两面抹上盐,胡椒粉,干生粉 || 先将鱼两面煎黄,煎好了洒上酱油,放一点点砂糖,然后整锅拿起来备用 || 用另一炒锅下油爆香姜蒜,放番茄煮至软熟出汁,放番茄酱,蚝油,一点糖,放啤酒,煮一会(啤酒番茄汁是比较多的,如果不够就加一些水),然后将煎好的鱼放进去,把粉丝也放上大火煮一会,如果不够咸就再放一点盐调味,加一点鸡粉,待粉丝好了下葱,香茜,上锅。"
r0000147,鹌鹑蛋红烧肉,红烧肉,鹌鹑蛋 | 五花肉 | 老抽 | 生抽 | 姜 | 4到5颗冰糖 | 蒜 | 八角 | 盐 | 料酒 | 香叶 | 桂皮,12,8,"五花肉洗净切块 || 取一锅,烧热,然后倒入五花肉(锅中不用放油,因为五花肉本身就有油)中小火慢慢炒,直到炒至金黄色 || 然后放入姜片,大蒜,香叶,八角,桂皮,炒香,然后放入料酒,生抽,老抽,上色 || 取一砂锅,开火,把炒好的五花肉放入砂锅中,放入水,水要淹过肉,等水开后,把锅中的泡沫撇点,然后开小火 || 然后处理鹌鹑蛋,提前把鹌鹑煮熟,然后薄点壳 || 在每个鹌鹑蛋上面用刀划1到2条口 || 处理好的鹌鹑蛋放入砂锅中,然后小火焖煮一个半小时到2个小时,然后收汁,在最后半个小时,要不停的搅拌,怕猪皮和鹌鹑蛋粘锅 || 美味的鹌鹑蛋红烧肉就做好了"
r0000148,家常版炸酱面,炸酱面,左右(随意)猪肉 | 面条 | 左右胡萝卜 | 黄豆酱 | 豆子 | 淀粉 | 老酒 | 盐巴 | 香菇干,9,13,"今天没有出门买面条,就用的鸡蛋面。水烧开,下面条煮熟,捞入装好冷水的盆里泡着。 || 煮好的面条。 || 香菇干洗干净泡水。 || 瘦肉,豆子,胡萝卜🥕切丁。 || 因为不爱吃姜和蒜,所以没有剁碎,会吃的可以选择剁碎。盘子里是泡好,切好的香菇丁。(洗干净后用来泡香菇的水不倒,一会有用) || 瘦肉丁加老酒、盐巴、鸡精、淀粉抓匀。 || 油锅热好,放姜、蒜。 || 倒入瘦肉丁翻炒变色后加入香菇丁、切好的豆子、胡萝卜丁,两大勺黄豆酱(爱吃辣加辣的,不吃辣加不辣的),一小勺生抽,再加入刚刚泡香菇丁的香菇水煮1分钟左右加入淀粉水。(重口的可以多放点黄豆酱) || 因为不爱蒜头和姜,所以在中大火煮的时候,我就把蒜头和姜片都挑出来了。 || 煮成这样浓稠样,就可以装出来了。 || 锅洗干净,烧开水烫青菜。(不爱吃青菜也可以省略这一部) || 不关火,捞出青菜,再把面条捞进锅里,关火,面条捞出,青菜夹一些放在盘子里,舀一大勺做好的酱,拌均匀就可以开吃了。(喜欢重口的可以放点生抽) || 啦啦啦~炸酱面煮好了,我家小朋友可以一口气吃一份半。(我上面煮好的是两份的面,酱是四人份)"
r0000149,爆炒泥鳅,爆炒泥鳅,泥鳅 | 料酒,2,3,"冷锅放泥鳅,加锅盖焖死,焖死后,烧会儿,加油炸会,再加花椒,料酒,盐少许,继续油炸 || 泥鳅煎脆后,将准备好角头,辣椒,生姜,大蒜或者大蒜子,爆炒 || 爆炒差不多时,加入角头叶子,炒熟后加入少许鸡精,出锅即可"
r0000150,低脂轻食红酱鸡肉意大利面,酱鸡,意大利面 | 鸡胸肉 | 西兰花 | 西红柿 | 洋葱 | 蒜头 | 橄榄油 | 生抽 | 料酒 | 蜂蜜 | 黑胡椒碎 | 生姜 | 番茄酱 | 盐巴,14,9,"腌鸡肉:将鸡胸肉切丁后,用橄榄油1勺、料酒1勺、生抽2勺、蜂蜜1勺、生姜片3片、蒜末3瓣、黑胡椒碎适量,腌制一小时以上,放冰箱过夜效果更佳。 || 煮意面🍝: 等水烧开后,将意大利面放入锅中,加入2勺盐巴、少许橄榄油,煮10分钟。意大利面本身是没有什么味道的,加盐巴有助于吸收咸味。 ❗❗❗注意:煮好后要先留住汤汁备用。 || 焯西兰花⏱: 在等待意面煮熟的间隙,可以同时准备另一口锅焯一下西兰花,捞出备用。 || 备配菜🍅:将西红柿切丁,蒜头切碎,洋葱切条即可。 || 捞意面🍝: 这时候锅里的意大利面已经煮熟了,留下一碗汤汁,再捞出意大利面备用。 || 炒配菜: 1 爆香蒜头后,放入洋葱、西兰花炒香 2 接着放入西红柿,炒出汁水来 3 紧接着倒入番茄酱翻炒均匀 4 最后加入之前预留的面汤煨煮一会 || 煮鸡肉🐔: 放入腌制好的鸡胸肉,关上锅盖煨5分钟。 ❗❗❗如果担心鸡胸肉不熟,可以夹出一块用刀切开,没有血色就说明熟了。 || 炒意面🍝:把捞出来的意大利面放入锅中,大火收汁,最后加适量生抽,少许黑胡椒粉即可出锅。 || 装盘开吃!!"
r0000151,无黄油版零失败雪媚娘,雪媚娘,糯米粉 | 玉米淀粉 | 白糖 | 纯牛奶 | 玉米油 | 克淡奶油 | 奥利奥饼干 | 其他喜欢的水果,8,22,"准备奥利奥饼干或者其他喜欢吃的水果,雪媚娘是万能包,想包什么包什么都好吃。 || 把奥利奥饼干捣碎,随便你用什么办法,碎了就行。如果放水果的话就把水果切成小块我就不上图了。 || 100g糯米粉,30g玉米淀粉,20g白糖,160g牛奶混合搅拌均匀。 || 搅拌成顺滑无颗粒状态。 || 将调好的糯米粉糊过一下筛,筛子不要那种最密眼的那种不好过,稍微大一点眼,因为糯米比较黏稠不容易下滑,这一步主要是为了过滤出去大个的未打散的糯米粉颗粒。 || 过滤好后就是这样子的。盖上保鲜膜放入微波炉中高火加热3分钟。(没有微波炉的放入蒸锅中大火30分钟。)(这一步我建议大家都用微波炉,因为每一个人对中大火的理解不同,放锅里的水量也不同,这个没办法把控的,微波炉就不一样了,中高火三分钟稳稳的熟了,如果大家的面特别稀要增加时间,稀就代表没熟哈) || 蒸完后就是这样的。 || 趁热加入20g玉米油,混合一下,本来应该加黄油的,我家没有了我就加的玉米油,效果是一样的主要是为了使糯米面凉后不会变硬,其实任何没有味道的油都是可以的,然后用手给面和油混合均匀,多抻拉几遍就均匀了。 || 混合好后是这样的,包上保鲜膜放入冰箱冷藏30分钟备用。 || 冷藏的过程中我们可以来炒糯米粉,锅中的水擦干净,开小火倒入糯米粉,翻炒,不停翻炒,火不能大,火大了糯米粉就糊了,炒个三分钟左右吧糯米粉微微变黄就熟了,熟糯米粉会有米香。 || 相机照不出来颜色的变化,但是还是能看出来不一样的,就是这种微黄的状态就是炒好了。 || 250g奶油加入20g白糖打发至倒扣不流动状态(奶油打发前最好放入冰箱冷藏一夜更易打发)。 || 案板上撒上熟糯米粉。 || 冰箱中冷藏好的糯米粉团拿出来揉几下搓成长条再切成大小相等的剂子,注意裹上熟糯米粉防粘。 || 把剂子擀成一个个小饼皮备用。 || 先放一层奶油 || 再放上奥利奥饼干碎或者爱吃的水果块。 || 再放上一层奶油把中间的馅料包裹住,然后像包包子一样包起来就可以了。 || 包好了沾上熟糯米粉再整整型。 || 成型就是这样的。 || 咬上一口爽滑软嫩,特别香甜,甜而不腻,饼皮很软,口感棒棒哒👍 || 都来试试吧。"
r0000152,韩式杂蔬泡菜面,泡菜面,面 | 香菇 | 豆芽 | 大蒜 | 尖椒 | 泡菜汁 | 酱油 | 3G糖 | 半米醋 | 韩国辣酱 | 三分之一勺香油 | 1G鸡精 | 水 | 泡菜,14,5,"面煮熟过凉水 || 香菇4朵焯熟 豆芽焯熟 || 调汁:一勺泡菜汁一勺酱油3G糖 一勺半米醋 一勺韩国辣酱 三分之一勺香油 1G鸡精 3勺水 || 大蒜3瓣尖椒半个 入汁 || 搅拌好, 最后加上泡菜"
r0000153,爆浆肥牛卷,肥牛卷,#主料 | 肥牛 | 芝士棒 | #调料 | 盐 | 黑胡椒粉 | 食用油 | #料汁 | 生抽 | 蜂蜜 | 料酒 | 醋,12,4,"肥牛片解冻铺平,撒上盐、黑胡椒粉,放上芝士棒卷起。 || 放入锅中撒上油,小火煎至变色盛出。 || 锅中依次放入生抽、蜂蜜、料酒、醋、黑胡椒粉搅拌均匀。 || 小火煮沸盛出,淋在煎好的牛肉卷上即可。"
r0000154,苹果照烧猪排骨,照烧猪排,禾然有机酱油 | 禾然有机米香料酒 | 猪肋排 | 口蘑 | 蟹味菇 | 白玉菇 | 芝麻菜 | 红边生菜 | 圣女果 | 青苹果 | 儿大蒜 | 姜 | 白芝麻 | 海苔碎 | 淀粉,15,13,"食材集体照~ || 排骨在清水中浸泡30分钟,期间换一次水,泡出血水后沥干,撒上少许盐,冷藏腌制30分钟。 || 青苹加入30g清水,果榨汁备用。 || 姜蒜切末,倒入开水浸泡20分钟。 || 将苹果汁、姜蒜汁、淀粉混合,倒入禾然有机酱油。 || 倒入禾然有机米香料酒,搅拌混合 || 口蘑切块,圣女果对半切开。 || 平底锅里倒入少许禾然山茶油,放入两瓣儿蒜和排骨,开中大火,将排骨煎至两面金黄。 || 排骨煎金黄后,倒入蘑菇,用排骨析出的油把蘑菇煎香。倒入调好的料汁。 || 盘子里摆放上芝麻叶、红边生菜和圣女果,料汁收汁到一半的时候先盛出蘑菇。 || 等酱汁收干,包裹在排骨上关火。 || 接着码放上排骨,撒上适量海苔碎和白芝麻做装饰。 || 这是我们家的禾然有机调味品大家族~满足日常所需的调味需求,从酱油、料酒、醋,到山茶油豆瓣酱,在调味料上也把好健康关~"
r0000155,鲜虾牛肉拌面,,干切牛肉 | 虾 | 西红柿 | 荷兰豆 | 耗油 | 盐 | 葱油 | 拉面,8,1,"把荷兰豆放加了盐的开水锅里焯熟 2、西红柿也焯一下,去皮 3、虾白灼去壳成虾仁 4、牛肉切丝 5、将以上加耗油拌匀 6、面条锅中下熟但不要过,盛入碟子中,放葱油拌匀,葱油多少看个人喜好。 7、将5拌入6中。"
r0000156,【独家】巴斯克草莓芝士蛋糕,草莓芝士蛋糕,草莓果茸 | 奶油奶酪 | 细砂糖 | 淡奶油 | 玉米淀粉 | 鸡蛋,6,11,"草莓果茸100克。新鲜草莓冷冻后解冻彻底,倒掉化开后析出的多余的水分,剩下的草莓打成泥 || 芝士常温软化后,隔温水加入砂糖搅打顺滑 || 一次性加入淡奶油和玉米淀粉、鸡蛋,继续搅打顺滑无明显颗粒 || 过筛2次保证芝士糊顺滑 || 加入草莓果茸 || 模具铺入厨房纸后倒入芝士糊,入烤箱220度25-30分钟,具体跟着自己烤箱上色情况看哈 || 刚烤完真的是有点丑😳 || 冷藏一夜脱去厨房纸,一定要隔夜冷藏后再吃,口感和味道更加 || 外皮有淡淡的焦糖香,内心顺滑绵密🥳 || 芝士就是力量🤩这款芝士真的无任何难度了,不踩雷,芝士控一定要做🤩 || 草莓口味的更为酸甜,芝士芯为淡淡的粉色🥰,这个比例草莓香恰到好处,再增多的话蛋糕水份会偏多影响口感噢~~~"
r0000157,邪恶芝士泡面,,鸡蛋 | 多多芝士 | 泡面搭档 | 泡面,4,4,"准备材料 || 准备另一小锅煮芝士 || 水开后放面,菜,香肠,鸡蛋 || 最后放芝士"
r0000158,咸蛋黄流沙包,流沙包,馅料部分 | 鸭蛋黄 | 黄油 | 牛奶 | 吉士粉 | 皮的部分 | 中筋面粉 | 南瓜 | 酵母粉 | 盐 | 砂糖 | 植物油,12,3,"馅料混合硅胶模里冷冻 || 皮30度发酵箱发酵45分钟 || 包成包子之后,再发酵30分钟。然后上锅蒸10分钟出锅"
r0000159,南瓜浓汤,南瓜浓汤,南瓜 | 肉末 | 葱,3,3,"南瓜蒸熟碾成泥 || 加入适量牛奶,油,盐,味精,肉末 || 勾芡,撒葱花"
r0000160,秒杀某基的奥尔良烤鸡腿,奥尔良烤鸡腿,鸡小腿 | 良新奥尔良烤翅料 | 水 | 蜂蜜,4,3,"将酱料加水溶化 || 把鸡小腿放入酱料密封冷藏过夜 || 将烤箱调至210度预热5分钟,趁着这个时间,将蜂蜜涂在鸡腿上,两面都要涂,放入烤箱,烤5分钟,取出再涂一遍蜂蜜,再烤5分钟,再取出来涂一遍蜂蜜,再烤15-20分钟,看看颜色红亮,鸡腿熟透即可。颜值口感秒杀某基!"
r0000161,煎饺,煎饺,少量芝麻 | 速冻煎饺 | 少量油 | 少量水,4,6,"生煎拿出来,无需解冻 || 锅里倒入少量油,煎成金黄色 || 然后加入少量水,盖上锅盖4分钟 || 收汁,小火1分钟 || 出锅,撒点芝麻 || 一如即往的蘸点醋和辣椒,好吃😋。我买的是白菜猪肉馅"
r0000162,不破皮红烧鳊鱼(含去腥大法),红烧鳊鱼,鳊鱼 | 姜 | 料酒 | 老抽 | 油 | 生抽 | 雪碧 | 葱 | 小米辣 | 蒜,10,4,"先把葱姜蒜切好,葱白和葱叶分开,葱白要先放油里煎,葱叶最后起锅的时候才加。 || 鱼的处理,这一步至关重要!,关系到鱼会不会腥!一般菜市场会进行宰杀,但是菜市场手法比较粗糙,回家一定要进行仔细清洗。1、反复清除内脏,不能留有鱼鳃之类的东西,附在肚子里面的黑膜也要撕掉。有人喜欢吃鱼泡、鱼籽,可以留着,但是会增加鱼的腥味。2、鱼肚上的鳞片和脂肪一定要去干净,脂肪真的很腥。清洗干净后在鱼上横着划刀,使鱼更加入味。并且擦干水分,不然煎鱼的时候会溅油,很危险! || 这一步有点忙乱,来不及拍照。 锅中倒入适量的油进行滑锅(就是晃一下锅里的油,使锅壁上也有油),油沸后撒入一点点细盐,这一步不要省去,可以防止鱼皮粘锅。开小火,把鱼放入锅中,双面慢煎。时不时要晃一下锅,防止粘连。煎至鱼皮有点焦,稍微有点硬的时候,放入葱姜蒜一起煎。 || 煎得差不多了,倒入料酒,老抽,生抽,最后倒入半听雪碧(雪碧有糖分,不用另外放糖),不要加水,爱吃辣的可以放点辣椒。(留有鱼泡和鱼籽的,这一步可以放进去)开中火煮,汤汁剩一点点的时候关火,撒入葱叶,盖盖。两三分钟后出锅。"
r0000163,混沌皮版的春卷,混沌皮,馄饨皮 | 土豆 | 胡萝卜 | 盐 | 生抽 | 孜然,6,9,"把土豆,胡萝卜 切丝,加入盐,生抽,孜然,拌匀,备用。 || 把混沌皮用擀面杖 擀一下。 || 加入适量的菜 || 把菜包起来,上面可以刷蛋液,可以好包一点。 || 包好了 || 不粘锅里放入适量的油,锅不要太热,放入包好的春卷。 || 两面都煎至金黄就可以了。 || 出锅,装盘 || ———————ʕ·͡ˑ·ཻʔ♥︎ ———————"
r0000164,紫薯山药·茶巾绞,,紫薯 | 山药,2,2,"紫薯,山药蒸熟,去皮,勺子碾碎。 || 准备方形保鲜膜一块。 舀两勺山药泥,团成团,捏扁,放入内馅儿,(这里我用的买的豆包里现成的馅儿)。保鲜膜向上拢起,让山药泥饼包裹住内馅儿。拧住保鲜膜,形成细细的绞起的纹路。打开成型,点缀上任意绿叶。 同样的,用紫薯泥做皮,里面的内馅儿我用的现成的琥珀核桃仁,脆脆的口感和紫薯的软糯搭配,非常惊艳。"
r0000165,节后清清肠胃丨菜粥&莴笋土豆丝 · 圆满素食,土豆丝,莴笋丝 | 土豆丝 | 辣椒丝 | 生姜丝 | 少量植物油 | 少量盐、味精,6,6,"材料:莴笋丝、土豆丝、辣椒丝、生姜丝、盐、味精、香油。 || 先把辣椒丝和生姜丝放下去爆锅 || 炒香了以后,把土豆丝和莴笋丝放下去 || 把莴笋丝和土豆丝放下去,炒到断生,放盐和味精。这一放,一翻,就软化了 || 如果吃的脆,就继续炒两分钟,滴几滴香油翻匀后起锅了;如果吃的软,再多炒会后起锅 || 菜粥: 今天的粥是用四季豆、豌豆和胡萝卜做的,做法同以前讲的豌豆小米粥一样。"
r0000166,酿青椒,,青椒 | 肉馅 | 葱姜 | 生抽 | 蚝油 | 香醋 | 盐鸡精 | 胡椒粉 | 水淀粉,9,4,"将青椒小心地去除蒂和籽,保留完整,在青椒尖部用刀刺开一个小缝 || 肉馅加入葱白碎、姜米、盐、胡椒粉、水淀粉搅打上劲,再将肉馅酿入青椒内 || 平底锅内加入少许油,下入青椒煎出虎皮纹,取一碗,将清水、生抽和蚝油兑成汁,将汁淋入锅中 || 盖盖待油爆裂的声音渐小,再开盖收汁,待汁收得差不多时将青椒摆入盘中,在剩余汁中淋入少许香醋去腻,再用水淀粉勾芡,将浓汁淋在青椒上"
r0000167,巧克力味牛轧糖,牛轧糖,无盐黄油 | 棉花糖 | 巧克力酱 | 奶粉 | 熟花生米,5,13,"100克黄油切小块,放入不粘锅内小火融化 || 倒入300克棉花糖 || 翻炒至棉花糖融化 || 加入100克巧克力酱,搅拌均匀 || 加入200克奶粉,不停的搅拌,这一步至关重要,搅拌好的糖口感好有嚼劲儿 || 关火,倒入300克熟花生米,快速搅拌,使花生米和糖均匀混合一起 || 烤盘铺油纸(没有烤盘可直接放在油纸上,注意必须油纸,锡纸的话糖全紧紧粘在纸上了,我就做过这事,一盘糖浪费了一半),带一次性手套,把糖块均匀铺成两厘米厚的薄片,用擀面杖擀均匀,再盖上油纸,放冰箱冷藏一个小时 照片是去年做糖时拍的,今年做巧克力味时此步骤忘记拍照 || 冰箱取出糖,放入菜板(一定要洗干净无味,我用水果菜板切的),切成糖块的长度长条,再切成糖块 照片是原味牛扎糖,巧克力味此步骤忘记拍照 || 切好的牛轧糖 || 包好糖纸 || 装入包装盒内,这个盒子小,一个盒子装15颗糖,一套三个盒子最多装50颗糖 || 红色的手提袋,好漂亮哦 || 这个牛皮纸封口袋,可以立起来,装30-40颗糖妥妥的"
r0000168,赤小豆土茯苓汤,土茯苓,克茯苓 | 赤小豆 | 骨头 | 陈皮,4,4,材料准备好 开水下锅 煲2个小时 || 最后调味 || ... || ...
r0000169,鸡蛋蚝仔煎,蚝仔煎,新鲜的蚝仔 | 鸡蛋 | 韭菜 | 姜 | 料酒 | 盐,6,4,"蚝仔买回来洗干净,抄一下水,然后放姜汁跟料酒、盐小许(大概腌10分钟) || 鸡蛋3个放入盐跟胡椒粉搅拌均匀 || 把腌好的蚝仔放到打好的鸡蛋液里面,放到锅上煎(锅预热后放上油) || 在煎的同时,在上面撒上韭菜未再撒上少胡椒粉,慢火大约煎5分钟,然后翻面继续煎OK"
r0000170,超级简单的宝宝意粉,,芝士 | 意粉 | 蘑菇 | 虾仁 | 西兰花,5,3,"做法很简单,意粉先用水泡10分钟,然后冷水下锅,放意粉,水量刚刚盖过意粉就可以,水开后开盖小火煮至意粉软硬适当,方便宝宝吃的软硬度就行,然后把虾仁,西兰花,蘑菇加进去煮至熟透,西兰花煮软,这时候水分偏干了,加入半片芝士搅拌至完全融化,就可以关火乘凉,不那么热了就可以给宝宝吃了,因为有芝士的奶香,宝宝特别喜欢吃! || 这是我用的意粉,上图给宝妈们参考 || 芝士片是这种,也可以用芝士块自己碎点进去也行,我选择原味的,我宝宝才一岁两个月,我是尽量煮給宝宝吃的是不额外添加调味!"
r0000171,【素食主义】粉蒸茼蒿,素食主义,茼蒿 | 小麦淀粉 | 蒜头 | 色拉油 | 盐,5,4,"准备: 茼蒿洗净、沥干水分,蒸锅加水烧开。 || 蒸茼蒿: 茼蒿加色拉油拌匀,随后筛入小麦淀粉,至均匀附着到每片叶子。 倒入笼屉,蒸7min左右,根据量自行把握。 || 蒜泥: 蒜头加盐,捣成蒜泥,至细腻颗粒。 || 组合: 茼蒿出锅,加蒜泥,开吃!"
r0000172,鳗鱼饭(鲜活鳗鱼),鳗鱼饭,鳗鱼 | 照烧酱/烧烤酱 | 鸡蛋 | 配菜 | 蜂蜜/红糖,5,8,"一条鳗鱼清洗干净后,切成10厘米左右一段(鱼肉熟后,会回缩,所以不要切得太短了。),踢掉鱼骨头,可以把鱼肉分成两半。2.全部处理好后,再次清洗干净鱼肉,控干水份,放到保鲜袋(密封袋内),加入适量的照烧酱(烧烤酱也可以),充分揉搓,冷藏腌制一晚。几个小时也可以,腌制的时间久,会更好的入味。 || 空气炸锅/烤箱200 °C、10分钟预热,铺锡纸(方便清洗),把鱼肉依次放上去,180°C烤10分钟。 || 取出之后,双面刷蜂蜜水(红糖水也可以)。鱼肉充分的吸收糖水,再进行10分钟的复烤。 || 复烤前 || 复烤后。 || 平底锅煎一些鸡蛋饼,切丝。 || 鱼骨头可以熬汤,熬好的鱼汤,打一个鸡蛋,就可以变蛋花汤。(打好的鸡蛋液顺着筷子往锅里倒,同时筷子转圈的搅拌,蛋液打完了,鸡蛋也基本熟了) || 盛出米饭,摆盘就可以。腌制鱼肉剩下来的酱汁,可以在锅里加适量水,就变成鳗鱼饭的汤汁了。"
r0000173,二分钟烧出鲜嫰的白灼鱿鱼,白灼鱿鱼,鱿鱼 | 盐、绍酒、姜丝,2,3,"准备材料 || 把鱿鱼处理干净,撕去皮切块或切圈,放一些盐用手抓几下,腌制五分钟洗净。 || 锅中放入酒、姜丝、水烧开,倒入鱿鱼大火烧开(就二分钟吧)起锅,很嫩呦。"
r0000174,白萝卜粉丝汆丸子,汆丸子,"猪肉馅 | 白萝卜 | 粉丝 | 花椒面 | 葱姜 | 油,盐,味精 | 香油,植物油 | 香菜 | 醋,生抽,老抽",9,3,"葱姜和肉馅一起剁烂,加入香油,花椒面,生抽,老抽,再打入一个鸡蛋,再加入味精,盐适量,再加入两小勺油顺一个方向搅拌,再加入一些水搅拌粘稠适度. || 萝卜切片,香菜切段. || 锅里放入水烧开,放入萝卜,粉丝,烧开后,把肉馅弄成丸子放入锅中,烧开后加入醋生抽,味精,香油,香菜即可!"
r0000175,培根鸡蛋玛芬,,培根碎 | 葱花 | 切达芝士碎 | #干性材料 | 1+1/4杯面粉 | 1茶勺泡打粉 | 1/4 茶勺苏打粉 | #湿性材料 | 1/2茶勺白醋牛奶 | 1/2茶勺盐 | 5茶勺全脂酸奶油 | 2茶勺融化黄油 | 鸡蛋 | #其它 | 1茶勺黄油 | =,16,3,"烤箱预热180度。玛芬模具内部抹上油。 不粘锅加热,培根碎加入炒制微微上色。 起锅沥干油备用。 || 取两个器皿,一个混合干性材料,一个混合湿性材料。 将湿性材料倒入干性材料中,混合好,勿过度搅拌。 加入培根粒,葱花和芝士碎。 将混合好的面糊去3茶勺到玛芬模具洞中,震荡让面糊均匀。每个洞中打入一个鸡蛋。再把剩下的面糊平均覆盖到鸡蛋上。面糊表层刷上黄油。 || 进烤箱20分钟,至表面金黄,内部熟透。 趁热享用最佳!"
r0000176,杏仁鸡蛋葱花饼(生酮),鸡蛋葱花饼,鸡蛋 | 杏仁粉 | 葱花 | 泡打粉 | 靠感觉水 | 看个人喜好盐 | 黄油 | (可加可不加)奶酪片,8,1,"把所有材料一起搅拌,然后用黄油煎熟就OK"
r0000177,豉油皇酱汁,酱汁,"葱,打结 | 姜,切片 | 小洋葱,切块 | 京葱,切块 | 油 | 西芹,切块 | 胡萝卜,切块 | 新鲜香菜 | 生抽 | 老抽 | 美味鲜酱油 | 鱼露 | 糖 | 水",14,2,"将葱、姜、小洋葱、京葱和油放入主锅,以3分/120°C/速度1爆香。 || 加入西芹、胡萝卜、新鲜香菜、生抽、老抽、酱油、鱼露、糖和水,以70分/100°C/速度小勺反转烹煮,通过滤网将汤汁过滤出,按食谱需求取用。"
r0000178,宝宝藕粉果羹,粉果,藕粉 | 沸水 | 凉白开 | 猕猴桃呢 | 红火红果,5,6,准备食材 || 水果切块 || 藕粉里加凉白开搅拌均匀 || 再加沸水搅拌成半透明装 || 加入切好水果 || 一碗漂亮的藕粉果羹完成
r0000179,自己动手做的炒刀削面,炒刀削面,生抽 | 盐 | 一点醋 | 鸡蛋 | 面粉 | 辣椒酱 | 油 | 佐料,8,7,"和面,先用温水,天冷了用温水好,夏天冷水可以,温水加盐面活硬,越硬越好的。 || 醒面十分钟,再揉面,再醒十分钟,再揉面,再醒再揉面最少要三次!!! || 等一个小时以后可以削面了,在等待的过程中,把该洗的都洗干净,我们现在准备烧水煮面了,😃😃 || 水烧开,准备煮面,把面团放在刀面上,我是这样好的,用专门的削面刀,开始削面,把面直接削到锅里面,即可。 || 把煮好的面捞出来,过冷水放一边备用。 || 炒锅放油,油热放葱姜蒜,炒香,放鸡蛋,炒好。 || 放面和剩下的配菜一起炒三分钟即可出锅。"
r0000180,蜜汁豆干,蜜汁,白豆干 | 植物油 | 没过食材水 | 八角 | 老抽 | 冰糖,6,5,"锅中倒油,油热下入豆干。 || 中火炸至两面金黄。 || 将多余的油倒出。 炸过豆干的油还可以反复利用,比如炸辣椒油或者炒菜等等。 || 在豆干中加入水、大料、老抽以及冰糖,搅拌均匀炖煮20分钟左右。 在煮制过程中保持中小火,期间可以打开锅盖,如果汤汁较少可以额外添加一些热水。 || 待豆干炖煮入味后,大火收汁即可。 如果觉得不够咸可以依据口味加入少量的盐。"
r0000181,无油不用炒超快手健康简单蒸鸡腿&(延展-鸡丝面条),鸡丝面,盐 | 花椒 | 鸡腿 | 葱 | 料酒,5,5,"炒一炒:盐+花椒 直接扔接锅里,小火炒出香味&盐略变黄(盐略变黄即可 怕时间太久花椒糊了会有点苦;另因为第一次做 最后只撒了图中2/3的盐也特别咸 感觉1/2就行了 注意用量哦 || 戳一戳:解冻/鲜鸡腿洗净用叉子或者牙签戳些洞好入味 || 泡一泡:料酒、葱、以及炒好的盐+花椒 一起淋在鸡腿上按摩入味 然后封上保鲜膜放冰箱冷藏层 让调料和鸡腿们一起泡半个小时到一个小时 越久越入味 || 蒸一蒸:不揭保鲜膜 但可戳几个洞透气 冷水中小火上锅蒸至鸡腿用筷子能戳透即可(鸡腿很好熟 特殊时期保险起见我蒸了快半个小时 || 延展:盐放多了 加些水 汤可以留着煮面用 再放点娃娃菜 超鲜"
r0000182,平菇的另类做法之油炸平菇,油炸平菇,平菇 | 鸡蛋 | 一点点盐 | 面粉 | 水 | 非常非常多油,6,2,"平菇洗干净之后,不要切,最好是用手撕的,撕好之后用力的挤水,挤到越干越好,不会断的。接着开始调面糊,面粉先加水,之后打一颗蛋,还可以放一点盐。 || 油烧热,我是烧到很热很热,然后把平菇倒进面糊里拌一拌,就放进油锅里炸。 平菇比想象中的吸油,炸了一次捞起来 复炸前再放很多油进去,热油后再炸。 这个时候调一点椒盐 很简单 我就是盐+白胡椒粉。 起锅后赶紧撒椒盐就可以上桌 在等候其他菜的时候就可以开吃了 凉了软了都不好吃。"
r0000183,派-芒果派,芒果派,手抓饼 | 芒果 | 白砂糖 | 炼乳 | 鸡蛋,5,12,"手抓饼皮、切掉四个边,然后中间均分 || 芒果切小粒,放入白糖,根据自己的口味添加,不加会比较酸,放入两勺炼乳(我为了浓郁一些放了炼乳,不放也可以。) || 取一块,切掉的四个边,裁减一下放在长方形饼坯的四周,在中间空位放入芒果馅儿 || 将另一面贴合好,轻轻按压四周 || 烤盘放油纸,把做好的派放上,派边用叉子压出印。 || 用小刀在上层饼坯一厘米切一刀,切的时候轻轻切,不要大力切透底下那层,切露会流馅儿 || 打一只鸡蛋 || 将蛋液均匀刷在饼坯上 || 烤箱180度预热5分钟,上下火180度20分钟。 || 等待间歇、烧一壶热水,沏一杯红茶或冲杯咖啡 || 成品 || 好好享受你的下午茶吧 我第一次做,不足之处,多多包涵 吃完反馈,哪哪都对,没毛病,哈哈,酥脆的不行,hin好吃。"
r0000184,营养美味彩椒牛排烤串,彩椒牛排,牛排 | 彩椒 | 盐 | 黑胡椒,4,10,"准备好所需食材 || 首先将牛排用煎肉粉腌制半小时备用。自己调可以用黑椒烤肉酱,盐,黑胡椒,生抽等合适自己口味的调料即可。 || 腌制好的牛排切小块备用 || 彩椒洗干净,切成和牛排差不多大小的块状。 || 用适量盐和黑胡椒稍微腌制片刻。 || 用竹签将牛排串一个个串起来。 || 放在烤碗上 || 表面刷些色拉油。 || 烤箱预热200度,烤20分钟左右即可。 || 颜值和美味并存哦。"
r0000185,南瓜腰果糊,,南瓜 | 腰果 | 水,3,5,准备好南瓜和腰果 || 一起倒进破壁机里 || 倒入800毫升的水 || 选择“滋补糊”功能 || 撒上一点坚果即可
r0000186,儿时的米粑粑,米粑粑,大米粉 | 细砂糖 | 酵母 | 温牛奶,4,5,"米粉中加入糖,酵母在牛奶中融化后静置3分钟,倒入米粉中搅拌成米糊~~ 要稀一点的,静置发酵的时候会变稠 || 保鲜膜包好,室温发酵1小时,表面有气孔 || 锅上刷底油,一汤勺的面糊慢慢流入锅中 || 小火两边煎至微黄 || 简单又好吃😋"
r0000187,糖醋排骨,糖醋排骨,排骨 | 白糖 | 醋 | 盐 | 各10克葱姜蒜 | 西红柿 | 蒜苗 | 白芝麻,8,18,"排骨剁成大块浸泡在水里 || 蒜切片 || 西红柿切块 || 蒜切段 || 排骨焯水后捞出,去掉血水和杂质 || 水烧开后放入排骨,放少许盐 || 放入花椒八角大概煮15分钟 || 排骨捞出沥干水份 || 锅中热油,下入排骨炸至表面金黄 || 油升温后再复炸一次 || 表面泛黄时加入葱姜蒜 || 捞出备用 || 锅内放入少许清水,白糖,把火调小,熬至糖色, || 加入排骨,放入盐,料酒,白醋分两次加入,大火烧开 || 转小火炖15分钟 || 葱姜蒜挑出,再点入少许醋,因为醋已经挥发了一部份 || 倒入西红柿丁大火收汁 || 装盘盛出,根据喜好撒入青蒜苗或者香菜,白芝麻"
r0000188,红薯芝麻片,芝麻片,(适量)红薯 | 芝麻,2,16,红薯 || 切块 || 煮熟 || 去皮 || 打成泥 || 加芝麻 || 混合均匀 || 铺油布上 || 烘干 || 切片 || 成品 || 成品 || 成品 || 成品 || 成品 || 成品
r0000189,香伴藕片,藕片,藕 | 盐 | 蒜 | 白糖 | 味极鲜酱油 | 老干妈 | 香菜 | 红色辣椒 | 香油 | 白醋,10,6,"准备两节莲藕 || 切成片,注意不要切太薄,要不然就不够脆。清水冲洗两三次,这样莲藕才不会变色。 || 水开煮大概2到3分钟左右就捞起来过冷开水,莲藕煮好顺便把红辣椒烫一下,放入盐、白糖、味极鲜酱油、香油、醋、老干妈拌均匀。 || 蒜头一定要剁细一些 || 蒜头放在拌好的藕片上面,喜欢吃辣的可以放小米椒,锅里烧热放适量的油烧热(要很热的那种)然后浇到蒜头上面,这样的蒜头才更香。 || 加入香菜拌好,时间许可放冰箱冰一会更脆"
r0000190,色拉油版红豆酥,,油皮 | 中粉 | 玉米油 | 糖 | 水 | 油酥 | 低粉 | 豆沙馅,8,22,"豆沙自己炒的,可以参照我绿豆沙的方法,不过不需要脱皮哦 绿豆馅是需要脱皮绿豆的,这步你也可以买现成的红豆馅,记得买油性红豆沙 || 冷却以后分割滚圆成15克一个,放冰箱冷藏 || 油皮材料揉成光滑面团,我是面包机合面功能,然后拿出来醒发半小时,有的宝宝如果手揉的话觉得累可以揉成团以后放冰箱冷藏半小时以后拿出来松弛一下再揉效果也是一样的 || 油酥和成团,这里要注意的是方子的量因为面粉吸水量还有季节的不同也会有稍微的变化,所以预留五克左右最后看状态添加,油皮和油酥都是一样的,软硬度也需要差不多 || 松弛好的油皮分割成15克一个剂子,整形成圆形盖上保鲜膜湿布,以防流失水分 || 油酥也分割成12克一个剂子,本方的量是20个,所以你也可以根据油酥的总量分割 || 将油酥包入油皮,然后盖上保鲜膜,千万不要把成品暴露在空气里,容易干裂,继续松弛十到二十分钟, || 从当中往两边擀成椭圆形,不要太长,擀卷的时候面团的状态是柔软不回缩就可以 || 从一头往另一头卷起来 || 盖上保鲜膜,继续松弛 || 第二次擀卷状态一样,这次擀卷可以长一些 || 左边是第二次的 右边是第一次的,对比一下吧 || 全部擀卷完盖保鲜膜继续松弛 || 松弛完以后拿出来,两边往当中捏一下 || 压平 || 压到四周边缘薄中间略厚,包入红豆沙 || 收口 || 捏好 || 整形 || 先200度预热烤箱,然后在表面做装饰,当然你任何装饰都不用也可以 || 烤箱预热好以后把成品放入烤箱,温度调整到180,28分钟,各家电烤箱温度不一样,可以根据你自己平时的温度,烤完立刻拿出烤箱放在凉网上散热 || 出锅来不及就吃了一个,层次分明"
r0000191,成功率最高的樱桃酱,樱桃酱,樱桃 | 樱桃重量的1/3白糖 | 和白糖一样多冰糖 | 柠檬 | 玉米生米,5,5,"过水,盐浸,清洗,晾干,糖渍,熬酱,冷透,装瓶,经过几天的流程,这一坛甜甜酸酸纯天然的樱桃酱终于不负我心,完美面世了爱生活,爱厨房,爱你们吃自制酱的满足模样。 这一个步骤是把樱桃清洗好了以后用盐稍稍泡一下,然后给它晾干 || 加上白糖,用白糖糖渍四小时(如果心急,就一小时)。这个过程中可以把樱桃捏碎,如果不嫌麻烦,可以把桃核挑起来,也可以不挑。 || 把糖渍的樱桃放到锅里面煮,注意不要加水,这个过程中倒入冰糖柠檬。(一定不能用铁锅,否则酱会坏掉)熬煮四十分钟即可。熬制的过程要不断搅拌,以免糊锅。 || 熬到这个程度的时候,把生粉用一点点水化开,倒入锅里搅拌一分钟关火,装盆。 || 完全冷却后装瓶,放入冰箱冷藏,随吃随取。"
r0000192,牛腩炖萝卜,牛腩炖萝卜,(带筋更好)牛腩 | (与牛腩差不多量)萝卜 | (量多需偏咸)沙茶酱 | 老抽 | 生抽 | 盐 | 油 | 姜,8,11,"选肥瘦比例1:2的牛腩,最好带牛筋,把牛腩洗净,不用切 || 锅烧开水,水开后,直接放入整条牛腩焯水,烫出血水即可捞出,不要煮熟 || 捞出牛腩放入冷水,洗掉油和血水 || 把牛腩切成两手指厚的块状大小 || 加入盐,油,生抽,老抽,沙茶酱搅拌均匀 || 调味的味道需偏咸,牛腩腌制备用 || 白萝卜去皮,滚切成不规则块状,大小约为鸡蛋大小,备用 || 姜切片备用 || 把牛腩,萝卜,姜,加一碗水搅拌均匀 || 放入高压锅,大火烧开,响声后,调小火压15-20分钟即可 || 加入香菜或葱花或芹菜,装饰上桌"
r0000193,黑胡椒蟹,,达尔文泥蟹 | 黄油 | 料酒 | 葱 | 姜 | BBQ酱 | 黑胡椒粉 | 白糖 | 清水,9,11,活泥蟹一只 || 切块洗净!怎么杀大家网上找视频学习 || 开火炒锅内放入黄油 || 放入黑胡椒粉 || 放入葱白和姜片 || 加入剩下的所有材料盖上锅盖8分钟 || 打开盖子翻炒一下保证蟹块都沾满酱汁 || 2分钟后关火 || 趁热享用吧 || 黑胡椒有点辣大家注意 || 祝你用餐愉快
r0000194,自制好吃的奶酪棒,,(33g左右)奶酪片 | 温开水 | 婴幼儿配方奶粉 | (7.5g)吉利丁片 | 白砂糖 | 一矿泉水瓶冰水,6,5,"这是需要的所有材料,可以制作两个模子的奶酪棒。白砂糖的量根据自己喜爱调整 || 奶粉加入温开水中溶解后倒入奶锅,加入奶酪片和白砂糖,最小火加热,尽量不要把奶粉烧沸腾,不断搅拌,直到奶酪片全融化。 || 奶酪融化和冷却过程中,可以顺便处理吉利丁片。用冰水浸泡吉利丁片,每五分钟捞出来换一次冰水,到第三次换冰水后泡着备用。此时另一头的奶酪基本也就融化好了。 || 奶酪完全融化后,停止加热。等到温度降到五六十度,把奶转移到一个有小嘴的碗里,把已经泡软的吉利丁片挤干水分倒入奶糊里,很快就融化了,搅拌均匀。 || 将奶液倒入准备好的模具中。保鲜膜盖严实,放入冰箱冷藏4小时左右就可以拿出来脱模享用了。"
r0000195,芥菜糯米饭,糯米饭,芥菜 | 糯米 | 肉 | 香菇 | 胡萝卜,5,8,"糯米必需泡8小时以上,或是早上泡糯米,晚上就可以用 || 所有配料切丁备用 || 锅中到油放到肉丁炒一下 || 放入香菇丁 || 胡萝卜丁 || 放入芥菜丁,翻炒,放入盐,味极鲜酱油,耗油 || 放入沥干水分的糯米,中小火焖15分钟 || 翻炒糯米和配料,让每粒糯米都变色,就可以起锅"
r0000196,风味浓郁的自制意式番茄酱,,"按需西红柿 | 西红柿一半的量洋葱 | 按柿子量看,要比日常炒菜多一些黄油 | 亨氏的黑胡椒酱,喜欢多来,不喜欢少来,但不能不来黑胡椒酱 | 边试边调味盐 | 一点点调味(这次我家的碎西红柿已经被拌上糖了)砂糖",6,8,"准备食材,西红柿、洋葱分别用料理机打碎(可以刀切,但料理机打碎的香味会释放得更充分) 准备一个已经蒸汽消毒的玻璃瓶(或者其他干净的容器) || 不粘锅里放入黄油,开小火慢慢融化 || 黄油化开后,倒入洋葱碎末,继续小火翻炒(以往紫洋葱感觉更香,但是我家刚好用完了,就用白洋葱替代) || 洋葱炒到带金黄色,倒入西红柿泥,小火翻炒均匀 || 倒入适量黑胡椒酱(边倒边翻炒,不断看颜色,别太黑了) 这个黑胡椒酱其实就包含了不少种类的西餐香料,所以这会翻拌的时候黄油奶香和香草香就开始明显释放 || 加入适量的盐翻炒,一点点糖调味(最好就是边加边试味道,调整到自己最喜欢的状态) || 慢慢小火收汁,到浓稠状态就可以出锅装瓶啦~ || 上图是之前烤披萨薄饼时候炒的,刷酱或者佐味都特别棒。 然后,如果在炒香洋葱后,在加西红柿泥之前先加入肉沫翻炒,那就是意大利肉酱啦~"
r0000197,福建炸油饼,炸油饼,"大米 | 黄豆 | 食用油 | 盐,葱 | 水",5,6,"黄豆头天晩上泡。 || 大米600克第二天早上泡水,泡3到4小时左右,把大米洗干净,黄豆100克洗干净,然后黄豆和大米合在一起拿去磨,(磨的时候不要太稀,油饼炸一两个如果会硬在加一点水进去调均就可以炸了) || 磨好放葱叶,放盐调均匀备用。 || 调好备用。放盐喜欢吃咸的多放点,喜欢吃淡一点的盐就少放点,那是随时都可以调。 || 现在锅里倒油,油温8成下米糊炸,炸时要不停地翻面,油饼炸金黄用筷子荚起来就可以吃了,(喜欢吃软一点的,稍微调稀一点,喜欢吃硬一点的油饼,米糊就浓一点,这是每个人吃的口味不一样) || 全部炸好了装盆子里,一句话好吃。"
r0000198,白果海参小米粥,海参小米粥,小米 | 海参 | 白果 | 枸杞 | 红糖,5,1,"水开放入小米、白果; 最后十分钟放入枸杞; 粥熬成粘稠状放入切成片的海参,2分钟关火,加入红糖。"
r0000199,烤鸡翅、鸡腿(烤箱),烤鸡翅,各两只鸡全翅、鸡腿 | 十三香 | 老抽 | 生抽 | 蚝油 | 有蜂蜜最好用蜂蜜白砂糖 | 个洋葱 | 蒜蓉、生姜沫、葱花,8,9,"鸡翅鸡腿用牙签戳几下,方便入味。放盐、白糖、蚝油、生抽、十三香调味腌制 || 放入葱姜蒜和洋葱沫,去腥 || 放入厚一点的保鲜袋,用手抓按几分钟,让鸡翅鸡腿入味。放入冰箱冷藏过夜,至少也要冷藏5小时 || 入味后,把鸡腿鸡翅表面的葱姜沫去掉一些,不然会糊。用锡纸垫烤盘,再用锡纸包住鸡腿根和鸡翅尖,这些部位烤的时候容易糊 || 底下铺洋葱 || 先放入烤箱中层,130°上下火40分钟。每隔20分钟涂一次蜂蜜水上色+调味。这一步低温慢烤让鸡腿鸡翅熟至7成且入味 || 40分钟后,将烤盘放到中上层,调温至170°上火20分钟,这一步要盯着烤箱,如果上色满意可以适当调低温度。中途可以给鸡翅鸡腿翻面涂蜂蜜。烤到香味浓郁,上色满意就可以拿出来。 如果还不满意可以适当延长时间或者调高温度 || 烤到后面鸡腿皮有点缩,不过很香 || 完成"
r0000200,当归黄芪瘦肉汤,瘦肉汤,猪瘦肉 | 当归 | 红枣 | 黄芪 | 盐 | 姜片,6,5,"瘦肉切适量大小,并切姜一片; 把瘦肉和姜片冷水下锅焯一下血水; || 然后过清水洗净,入炖盅; || 当归,红枣(去核),黄芪过清水洗一下入炖盅 || 注入约八成满的开水; 按电子炖盅的说明操作在外围也加适量开水,盖好盖子; || 炖约2.5-3小时,食用前加少许盐或者不加盐匀可!"
r0000201,健康食谱快手无水无油孜然金针菇去皮鸡腿肉,去皮鸡腿肉,鸡腿 | (150个)金针菇 | 盐 | 大蒜 | 小葱 | 生抽 | 辣椒粉 | 孜然粉 | 味精,9,11,"注意⚠️无水无油的做法建议是用不粘锅哦!先处理鸡腿肉,去骨去皮切小块,大蒜切末葱切花待用,锅中加入金针菇,加入1g盐中火翻炒 || 至金针菇出水变软 || 加入切好的鸡腿肉 || 中火炒至变色 || 中火,加入大蒜葱末 || 中火,炒匀后加入10ml左右生抽 || 中火,加入一大勺辣椒粉大概15ml,拌匀 || 中火,加入一小勺孜然8ml左右 || 炒匀 || 最后加入一点点味精(可不加)炒匀 || 出锅装盘!"
r0000202,柠檬三文鱼,,三文鱼 | 橄榄油 | 黑胡椒 | 盐 | 柠檬,5,3,"切3-4片柠檬备用。再切一些柠檬皮碎末。 || 三文鱼洗净,抹少许盐,一点点点点就可以,否则影响鱼的鲜味,撒一点黑或白胡椒粉,加柠檬皮碎末,腌制片刻。 || 平底锅烧热,放油,下腌好的三文鱼和柠檬片,小火煎,翻面,再煎,放少许盐、胡椒粉,出锅。就是这么快手。"
r0000203,冬瓜鸭血汤,鸭血汤,克冬瓜 | 勺香油 | 克盐,3,7,"原料: 鸭血或猪血1盒; 牛肉馅1两,牛骨高汤1碗(做法在酸汤肉末豆腐菜谱中有); 木耳1小碗,提前半天泡发备用; 冬瓜1块,大约4两左右,韭菜1小把; 盐半瓷勺,白胡椒粉半茶匙; 老抽半瓷勺,番茄酱1瓷勺,香醋半瓷勺; 老姜1小块,蒜瓣3、4瓣; 野山椒(泡小米椒)3、4颗,如果完全吃不了辣的可以不放,嗜辣的可以增加分量。 || 处理鸭血/猪血 烧一锅水,水沸后加1茶匙盐(原料分量外),关火后把切成麻将大小厚片的鸭血或猪血放入水里浸泡一会儿。一来入味,二来去腥。 || 处理其他食材 冬瓜切掉厚皮,也切成和鸭血差不多大小和厚度的片。 || 中火热油,把牛肉末炒到酥酥的状态,加入胡椒粉和老抽炒匀盛出备用。注意要把牛肉末的水分炒干一点,把香气都炒出来。 || 煮汤 不粘锅或汤锅烧热,用1瓷勺油把姜末、蒜末、野山椒末(完全吃不了辣可以省略)一起炒香。以血类、牛肉这种味道比较重的食材做汤的时候,配料也可以相应下得重一点。 || 冬瓜先入锅,加盐、番茄酱、牛肉末和牛骨汤,中小火煮大约3-5分钟,煮到冬瓜变成透明状态。 || 但木耳容易熟、鸭血容易煮老,这俩就在冬瓜完全煮透明之后再入锅。 关火,加入韭菜段和香醋。"
r0000204,莲子排骨猪肚汤,猪肚汤,红莲子 | 猪肚 | 肋排 | 籽乌干 | 生姜 | 牛奶 | 料酒 | 盐 | 食用油,9,6,"猪肚冲水后,倒食用油和盐搓揉干净内壁,多搓揉几次,把内壁的滑腻冲洗干净,并撕去外层的白色油脂(用食用油和盐搓揉猪肚的清洗方法是母上大人传授的。我琢磨着吧,跟卸妆油一样,以油溶油的道理咩?反正是洗干净了。。。) || 烧开水,放姜片料酒,猪肚下锅焯水后捞出洗净 || 切成宽约3cm左右的条 || 排骨洗净焯水(忘拍照了= =)红莲子洗净泡上 || 籽乌干剪开,洗净肚子里的杂质待用 || 把所有材料都扔进电炖锅,加姜片加水再加一盒250ml的牛奶,按下开关,煲3个半小时就可以开吃了^^"
r0000205,馋嘴牛蛙,馋嘴牛蛙,牛蛙 | 莴笋 | 料酒 | 馋嘴牛蛙调料 | 盐 | 葱 | 姜片,7,5,"牛蛙洗净切块,泡半天去除血水。用牛蛙料里的腌料,加黄酒腌制半小时。 || 热油,下牛蛙(有耐心的可以炸一下)翻炒。 || 当然调料,加水,葱片姜片煮开。 || 加入切块的莴笋,煮开;煮到莴笋发软。 || 热油,放入调料里面的辣椒包,小火炸至发香(小心焦了),倒入牛蛙中。"
r0000206,超开胃的辣炒花甲,辣炒花甲,葱 | 姜 | 白糖 | 生抽 | 盐 | 花甲 | 醋 | 辣椒油 | 香油 | 花生油 | 青椒 | 黑胡椒 | 老抽 | 蒜 | 大蒜,15,10,"花甲外壳洗净拿热水焯一下。因为我这不是海边,所有花甲运过来,不知有没有沙或是死的花甲,用热水焯开口,可以先剔除死的不新鲜的花甲。 另一个,看壳,如果沙很多,就得用流水多冲洗几遍! || 调料一,姜,蒜,青椒切碎。我家有二个挑食的,只能切得大大的,好挑。 || 我家喜辣,买的这种椒,我们叫螺丝椒,你们那呢? || 调料二,自已榨的辣椒油,香油,生抽,老抽,盐,醋调成一碗浓浓的汁,不加水,想再鲜一点,吊一点点糖。我个人不爱吊糖。醋一定要放,去腥。 我不放料酒的,如果家里有白酒我会喷一点点,更香更去腥! || 自家的辣椒油,放了花椒和芝麻,香辣无比。这是我跟一西安朋友学的方子。哪天上个菜谱吧! || 大蒜,我先生是北方人,说这叫蒜苗,好吧,叫法不一样,是啥明白就行! || 也切得碎碎的。 || 热锅冷油放切好的调料一,这很关键,待姜蒜炒好,又糊又不焦,而且健康。 大火炒香调料一后,放调料二,再放焯好的花甲。这时可以喷点白酒了,不喷也没关系。 让每只花甲均匀的粘上酱汁,起锅前放上大蒜就可以了。 || 出锅喽 || 这就是令人食指大动的辣炒花甲!"
r0000207,"川菜里的扛把子之一酸菜鱼家常做法,好吃的跳脚噢",酸菜鱼,酸菜 | 花鲢 | 脾酒 | 花椒 | 姜 | 盐 | 糖 | 大葱 | 蒜 | 葱花适量小葱 | 干辣椒 | 豆瓣 | 勺鸡精 | 菜籽油和猪油适量油,14,7,"抓出泡姜泡萝卜泡椒酸菜,不喜欢的可以只放酸菜。我家的都是自己做的,没有的可以自己去买酸菜,一定要洗干净挤干水再切。一是干净二来不那么咸 || 干辣椒洗干净后热锅不要放油放进去烘干,烘出辣椒香味后剪成段。所有配菜随你所喜,想怎么切就怎么切。大蒜留一半切成蒜末最后出锅前用。 || 鱼肉将鱼片和鱼骨鱼头分开装碗然后放点盐加些啤酒码5分钟然后冲洗干净,去鱼腥味非常好。挤掉水分再重新加盐加红薯粉啤酒码好备用 || 热锅加入菜籽油和猪油,油稍微多一点。因为酸菜非常吸油,混合油煮鱼完美 || 将所有配料,(除去干辣椒和蒜末)放进去炒香然后加入适量水调味后开始熬汤,水开后再多熬5分钟。再先放入鱼头鱼骨煮4分钟后将其捞出再将汤烧开放入鱼片一分钟后关火 || 将准备好的辣椒段蒜末铺放在鱼上面再另起热锅烧油,油热后再淋到辣椒蒜末 || 最后撒上葱花即可开动啦"
r0000208,豆沙黄豆粉奶酪INS和风海浪烤土司,,2CM厚面包片 | 黄油 | 奶油奶酪 | 15mL熟黄豆粉 | 红豆沙,5,7,"面包片放入多士炉加热4分钟 || 奶油奶酪与黄豆粉均匀混合 || 黄油涂满面包片表面 || 用汤匙的背面将黄豆粉奶酪涂抹在面包片表面,做出海浪的造型 || 用同样的手法将红豆沙抹在奶酪旁边 || 交替操作 || 完成!"
r0000209,芝士焗番薯(烤箱版),芝士焗番薯,红薯 | 马苏里拉芝士 | 牛奶,3,4,"红薯蒸熟后捣碎,放入100ml牛奶搅拌均匀(喜欢吃甜的话可以加白砂糖或者炼乳)。 || 上面撒上一层厚厚的马苏里拉芝士(芝士控可以多放) || 烤箱预热后200度烤12分钟(视烤箱脾气而定) || 长长的拉丝~~~~"
r0000210,家常简单版芒果班戟,芒果班戟,超大芒果芒果 | 鸡蛋 | 牛奶 | 低筋面粉 | (内馅另外20克)细砂糖 | 黄油 | 淡奶油,7,12,"黄油乳化,鸡蛋打散搅拌均匀,低筋面粉过筛后和细砂糖,牛奶一起加入蛋液搅拌均匀,(怕甜可以减少糖量) || 先把蛋液舀出少量倒入黄油乳化,乳化后再将液体返回蛋液中,再次搅拌均匀后过筛,到如图的细腻程度就可以了 || 小火(一定要小火)加热锅底后倒入一勺混合液,倒入后迅速转动平底锅(用平底不粘锅,粘的话刷薄油)让液体布满锅底,若有破洞可以再加入液体填补,但要迅速,否则饼皮都硬了 || 等表面液体凝固有泡泡就可以目测差不多成型了,太久会变成如下图的锅底,好丑的 || 所以凝固一会就可以关火把饼皮铲出,铲的过程注意不要弄破饼皮 || 将做好的饼皮铺在硅油纸上 || 一片片铺好(没铺好久了就定型有褶皱),包起来放冷藏30分钟,为了将油都吸收到饼皮 || 此时可以打发奶油,将淡奶油(一定是刚从冰箱出来的,否则放久了,尤其是夏天容易水油分离,到时候基本是打发不起来的,血的教训)和细砂糖混合打发,图中打发的还不够可以继续,打发到硬性,就像平时蛋糕看到的那种 || 还不够可以继续的。。。 || 切好芒果(下次可以切一大块的) || 拿出饼皮铺好,加入奶油和芒果(下次可以多加点,尤其是如果奶油打发的好,比较硬的话可以定型) || 包好,成了"
r0000211,芦笋奶酪杏仁塔,,黄油 | 低筋面粉 | 细砂糖 | 蛋黄 | 盐 | 牛奶 | 馅 | 奶油奶酪 | 柠檬汁 | 杏仁粉 | 蛋液 | 芦笋,12,12,"模具刷油备用 || 黄油切成小块 || 将糖、盐、面粉混合,放入黄油用手搓成颗粒状 || 加入蛋黄、牛奶混合均匀 || 揉好后放入冰箱冷藏半小时 || 将塔皮擀成3毫米左右厚度 || 放入模具内 || 整形好在塔底插上小洞 || 铺上油纸放上塔石,烤箱预热200度烤8分钟左右取出 || 这是塔底的预烤好的状态 || 内馅,将黄油融化和蛋液混合加入杏仁粉,奶油奶酪软化后加入牛奶、柠檬汁混合后与杏仁糊混合 || 将芦笋放入后,烤箱上火220度下火200度烤15分钟左右出炉"
r0000212,鸭血炒鸡胗,炒鸡,鸭血 | 鸡胗 | 豆瓣酱 | 小葱 | 姜 | 青泡椒 | 料酒 | 花椒 | 糖 | 青蒜 | 蒜 | 小米辣 | 盐 | 油,14,8,"将葱姜蒜清洗干净,小葱切葱花,姜切丝,蒜切片。 青蒜择干净,切成小段。 小米辣切成辣椒圈。 青泡椒切丁。 || 将鸡胗清洗干净,切成片。倒入料酒30ml,腌制半小时左右。 || 鸭血切成条或者大块。 || 锅坐到火上,大火烧热锅中的油,6成热时将花椒放入锅中爆锅。出香味后,将花椒捞出。 || 放蒜片、姜丝和豆瓣酱,略翻炒出香味后,倒入鸡胗。滑炒几下后,喷入剩余的料酒。放入青泡椒丁,继续翻炒。 || 之后放入清水,水要加到没过食材为止。撒入白糖。盖上锅盖,焖煮3分钟。 || 放入鸭血块和青葱段、小米辣椒圈,搅拌均匀后再盖上锅盖,焖煮2分钟。 || 起锅时放入盐和小葱花即可,也可以适当放一些香菜叶。"
r0000213,柠檬鸭/酸梅鸭,柠檬鸭,鸭子 | 鸭胗 | 鸭血 | 自制酸柠檬/酸梅 | 油,5,15,"鸭子放入高压锅中跳到粥功能压制。 || 压好的鸭子。 || 处理鸭胗,切花刀。 || 锅内烧开水放入鸭血煮熟。 || 切块备用。 || 取出酸柠檬或酸梅 || 把高压锅焖鸭子时渗出的油汤倒入锅中。 || 放入柠檬【酸梅】压碎。 || 放入鸭胗。 || 加入适量清水。 || 放入鸭肉。 || 略焖后倒入鸭血,转小火盖盖慢慢煨。 || 柠檬鸭【酸梅鸭】焖至30分钟后大火收汁。 || 放盐出锅! || 酸梅鸭。"
r0000214,蒜蓉芝士焗青口,,青口 | 咸味黄油 | 橄榄油 | 蒜 | 干百里香 | 芝士,6,9,"蒜头剁成泥,黄油百里香备用。 || 放一点橄榄油把黄油融化。 || 把蒜泥和百里香煎出香味。 || 把青口洗干净铺到烤盘上。 || 先铺蒜泥百里香,要带一点油。 || 再把芝士铺上。 || 烤箱预热200度。 || 200度烤8-10分钟。 || 完成。"
r0000215,咖喱炖时蔬,,咖喱粉 | 牛奶 | 西兰花 | 胡萝卜 | 毛豆 | 蘑菇,6,2,牛奶加热加入咖喱粉搅拌匀 || 加入切好的时蔬炖煮至熟
r0000216,萝莉の糕糕,,一点技术 | 一点审美 | 一点耐心,3,1,0~自己的阳历新年蛋糕~
r0000217,桂花酒酿藕粉糊配汤圆,桂花酒酿,酒酿 | 藕粉 | 桂花蜜 | 汤圆 | 多一点煮汤圆的水,5,4,"把水烧开,烧开之后倒入一袋藕粉,迅速搅拌均匀备用,水一定要比藕粉说明的多一些哦,看自己喜欢的浓稠度,毕竟之后还要加酒酿 || 另一个锅煮开水,加入汤圆,浮上来即可 || 藕粉糊煮浓稠后加入酒酿,还是不停的搅拌,最后放一小勺的桂花蜜,搅拌均匀~ || 把煮好的汤圆盛出来放入糊糊中,就完成啦~"
r0000218,低脂可可燕麦薄脆饼干,薄脆饼,燕麦 | 糖 | 玉米油 | 鸡蛋 | 牛奶 | 可可粉,6,2,"即食燕麦片用料理机打碎成粉,不用太细 || 混合所有食材,蛋卷机煎薄脆"
r0000219,红烧螃蟹,红烧螃蟹,(2人量)螃蟹 | 看自己口味随意姜、酱油、糖、醋 | 各二八角、香叶 | (不用也无所谓)干辣椒,4,6,"螃蟹脚切切切,留脚前段肉多部分,螃蟹把它对半切开喽 || 对半切开 || 加油锅底一层足够,把对半切的蟹身一个一个膏朝下先在油里煎一下(防止后面翻炒时蟹膏脱落太多)然后放蟹脚翻炒 || 放那些调料,全部,一起,(准备个大碗调酱油+醋+水 份量要盖过所有螃蟹们)翻炒几下盖盖子 || 收汁中途还是要翻翻这些螃蟹君们,把那带膏的部分尽量多跟越来越少的汤汁接触接触 || 然后就好了,提醒爱拌饭的小伙伴几碗饭量那汤汁多留一些哦"
r0000220,石锅拌饭,石锅拌饭,米饭 | A菠菜 | A香菇 | A胡萝卜 | A黄豆芽 | A盐 | 鸡蛋 | 香油 | B鸡腿 | B盐 | B辣椒粉 | B料酒 | B糖 | B生抽 | 韩式辣酱,15,9,"大鸡腿,去骨,切条。 || 将材料B混合,腌制15分钟,炒熟备用。 || A蔬菜依次焯水。 || 锅撒香油,鸡蛋煎好。 || 将米饭放入石锅,摆上蔬菜和炒好的鸡肉。 || 放入煤气灶上,听到滋滋响声后,等20s就可以了~ || 配上南瓜粥,✌。 || 加入韩式拌饭,拌匀吃吧!好饱啊!😂 || 还给模模做了卤鸡爪,啧啧。"
r0000221,糯糯QQ的玉米面窝头,玉米面窝头,玉米面 | 糯米粉 | 奶粉 | 牛奶 | 水,5,2,"所有材料混合均匀揉成团。牛奶添加完以后水量要酌情添加,以刚刚揉成团为准。 || 做成小窝头,我是22克左右一个,做了12个。"
r0000222,酱拌松花蛋,,蒜瓣 | 小香葱 | 松花蛋 | 酱油 | 芝麻油 | 剁椒,6,5,"蒜瓣,香葱洗干净。 || 蒜瓣儿剁碎,成蒜蓉。小香葱切成葱花状。 || 电饭煲烧热,加入两勺芝麻油,均衡覆盖锅底,放入蒜蓉,爆炒至微黄,加入一勺剁椒,翻炒片刻,加一勺酱油调鲜,再加两勺水,待水沸腾起锅备用 || 松花蛋两只,去壳,切成四瓣儿,摆盘 || 把刚刚调好的汤汁淋在切好的松花蛋瓣上,撒上葱花即可"
r0000223,秘制凉拌粉,凉拌粉,勺3醋 | 盐 | 酱油 | 麻油 | 小米椒 | 米粉,6,6,鸡蛋皮一碗 || 韭菜焯水 姜切丝 || 豆芽菜焯水 || 香干和肉放盐过油炒熟 || 五颗西红柿熬成酱:注!这是精髓 || 蒜切末加入水 蒜水完成✅
r0000224,青椒小河鱼,,小河鱼虾大蒜、生姜、 | 青椒,2,3,"将存起来的小河鱼用温水泡十分钟 || 准备好配料,锅中放入少许油煎生姜大蒜; 放入刚刚浸泡好的小河鱼,小心的翻炒,放入少许盐,生抽、黄酒,3-5分钟后放入开水漫过小鱼,煮10分钟小火~ || 然后放入青椒继续煮5分钟,这时放入少许醋、糖、然后就等差不多收汁的时候起锅,青椒里有小河鱼的鲜味,鱼儿都不需要吐鱼刺的,因为炭火烤的骨头都酥了,加上这么随意的小煮,已经在口腔中感觉不到刺了~这时候,如果家中有一杯啤酒"
r0000225,让人流口水的油泼扯面,油泼扯面,一人份面粉 | 不一定辣椒面 | 小香葱 | 可以多放点味极鲜 | 蒜 | 一点醋 | 🤷‍♀️青菜 | 几根豆芽 | 生抽 | 一点盐,10,3,温水和面加点盐~2、揉成大面团盖保鲜膜放置半小时~3、继续揉面团至光滑细腻~4、分割成小面团刷油保存~5、醒一到两个小时~ || 醒好的面团光滑柔软有弹性👍1、烧开水~2、小面团轻轻扯长~~~~~下锅煮~煮熟捞出。 || 加配料盐、鸡精、生抽、味极鲜、蚝油、葱末、蒜末、、、辣椒粉~热锅烧油~浇辣椒粉和蒜上~趁热搅拌均匀~开吃啦~
r0000226,榨菜蒸牛肉,,生粉 | 牛肉 | 榨菜 | 花生油,4,3,"牛肉买回来,清洗干净,切片,然后加上生粉,花生油搅拌均匀,最后再牛肉上面放上榨菜。 || 锅内放水烧开后放入牛肉蒸3分钟,然后关火焖1分钟后就可以拿出来吃洛。 || 完成,可以吃了"
r0000227,健身低脂/虾皮豆腐饼,豆腐饼,豆腐 | 虾皮 | 鸡蛋 | 面粉 | 淀粉 | 蚝油 | 木鱼素,7,8,"在碗里放入虾皮。 || 加入豆腐和鸡蛋。 || 搅拌均匀。 || 加入淀粉,面粉,蚝油,味精(我用的是木鱼素,如果没有就换味精吧),搅拌均匀。 || 在锅里加一点油,中火,用勺子舀一勺面糊,放在锅里,等成型后,翻面煎至两面金黄。 || 这样已经就可以出锅吃了。 但是我推荐可以再上锅蒸一下,这样口感更加软嫩,虾皮的鲜味也会更加浓郁。 || 上气后,蒸5分钟。 || 这样就可以出锅装盘了。"
r0000228,五花肉苦瓜汤,苦瓜汤,苦瓜 | 五花肉 | 水 | 盐 | 鸡精 | 油,6,4,"苦瓜洗干净对半切开,用铁汤勺去籽。 2.将苦瓜再次切半,再切小块,我喜欢将苦瓜切成菱形小块。 || 五花肉洗干净,切成小片。 || 炒锅加少许油,放入五花肉,煎至色泽金黄。 || 将苦瓜,五花肉放入高压锅,加入适量水。大火 炖煮转小火,我家的炉火大,约12分钟。 2.最后开锅,加入少量盐,鸡精,大功告成。"
r0000229,普通面粉不加奶油制作简单柔软吐司面包,吐司面包,普通面粉 | 牛奶 | 鸡蛋 | 酵母 | 盐 | 花生油 | 细砂糖,7,14,"所有材料放入和面机和面,大约30分钟。和面好后用和面机自带发面功能醒发,大约20分钟。醒发好后的面要大于原来的两倍。 || 发好的面团明显大了一两倍 || 拿出面团,擀压排气。 || 分成三等份 || 擀成长舌状 || 卷起来 || 盖起来醒面10分钟。 || 再分别擀压面团排气,擀压成长舌状,卷起来后放入吐司盒。 || 将面团放入吐司盒中,盖上盖放入烤箱。烤箱放入一碗水,通电烤箱一分钟左右,伸手进去感觉到有温度,大约40度左右就好。进行二次醒发,时间大约20分钟。 || 发好的面团明显变大很多。 || 拿出吐司盒和盛水碗,预热烤箱180度5分钟。放入吐司盒,上下火烤45分钟。 || 出炉 || 烤好后置于烤网上凉凉。 || 彻底凉后切片。柔软"
r0000230,芹菜香干,芹菜香干,豆干 | 芹菜 | 鸡精 | 盐 | 蒜 | 蚝油,6,3,"香干切条 || 芹菜切条,留青菜叶。 || 油热,放入蒜泥,倒入香干,煸炒,倒入蚝油,翻炒后加入芹菜,继续煸炒,待芹菜熟后,放一勺盐,一勺鸡精,出锅。👌"
r0000231,卧鸡蛋加蒸米饭,蒸米饭,鸡蛋 | 米饭 | 克盐 | 葱 | 酱油 | 蒜 | 食用油 | 味精,8,4,"两碗淘好的米,加水比例1:1.5 || 打鸡蛋放盘中,加入油,盐,葱,姜,蒜,酱油,味精等调料,加适量水。 || 放蒸锅中,一层放米饭,一层放卧鸡蛋。放半盆水在蒸锅中,盖盖子大火蒸15到20分钟!香气扑鼻。 || 很方便,还很好吃!"
r0000232,冰摇柚柚蜂蜜红茶,,(多一些)蜂蜜柚子酱 | 红茶 | 冰块,3,2,"将蜂蜜柚子酱与红茶混合,倒入杯中 || 加入冰块"
r0000233,啤酒🍻三黄鸡,,片姜 | 根葱 | 瓣蒜 | 啤酒 | 香叶 | 个干辣椒 | 克糖 | 勺生抽 | 花椒 | 大料 | 比平常炒菜多一些油 | 勺蚝油 | 只三黄鸡 | 个青椒 | 勺料酒 | 个八角 | 片香叶 | 克盐,18,7,"桂皮八角香叶都是小小一颗准备好。 || 我喜欢吃口味重一点的,所以切的姜蒜都很多!不爱吃的也放心!油炸过你大不了捞出来,就是为了爆香那个油锅!嘿嘿😁...... || 干香菇(我还泡了8只东北松茸,忘记拍照了......,因为它的汤汁也很鲜的,一会儿可以炖鸡用!别扔!) || 一罐普通的雪花啤酒(因为一会儿还放入泡松茸的汤,所以炖鸡的时候放了半罐) || 这里抱歉呀!专注地炒!忘记留照片了!!!!!!!🤪1.放油,2.油热后放花椒,大料、香叶最后放,别忘此时调小火,以免花椒糊了!(别问我是怎么知道的)3.放入葱姜蒜煸炒香。4.放入一点点糖5.放入鸡.放一点点老抽、放一勺蚝油、放生抽,煸炒均匀.6.放入香菇、松茸(分成两半好入味儿)、松茸汤.、啤酒🍻,没过鸡即可,太多不好收汁。(愿意放点干辣椒就放一点儿,我因为腌制的时候里面有一点,就没有放) || 当当当当~大约用了20分钟(中间去做了另一个菜忘记计时了!😅不过这不是事儿!因为你可以尝一尝熟没熟)美味的啤酒三黄鸡就出锅了! || 忘记说了!!!补充说明:鸡块需要提前腌一下哦!最少20分钟。我中午就腌上,傍晚才做!腌制的调料:生抽、蚝油、花椒粉、五香粉、料酒。之所以图片上有花椒和辣椒,嘿嘿😁......那是因为吃完了一包黄飞红麻辣花生剩下的辣椒和麻椒、花椒的我都倒这里了!"
r0000234,酸辣粉,酸辣粉,粉条 | 花生米 | 黄豆 | 醋 | 生抽 | 盐 | 香菜 | 葱 | 辣椒油 | 糖,10,11,"加入醋 || 加入生抽 || 加入盐 || 加入糖 || 加入香菜 || 加入葱花 || 没有炸好的黄豆花生,但是我买的辣椒油里有 || 省事的辣子 || 红薯粉 || 下锅煮十分钟左右 || 出锅了"
r0000235,威风蛋糕,威风蛋糕,鸡蛋 | 玉米油 | 纯牛奶 | 低筋面粉 | 白糖,5,4,"玉米油和纯牛奶混合后加入低筋面粉搅拌成糊 || 蛋清蛋黄分离,蛋黄放入搅拌好的糊里拌匀,蛋清打发分三次加糖 || 把打发的蛋清放一半到蛋黄糊里画Z字拌匀,再把剩下的蛋清和蛋黄糊倒一起拌匀 || 烤箱预热,150°C 上下火 6寸蛋糕40分钟,纸蛋糕15-20分钟"
r0000236,桂花面包(饼)烤箱版平底锅版,花面包,面包版: | 高筋粉 | 鸡蛋 | 牛奶 | 炼乳 | 盐 | 糖 | 奶粉 | 干酵母 | 干桂花 | 玉米油 | 懒人简易版: | 温水 | 酵母 | 装饰: | 黑芝麻 | 馅料: | 豆沙馅、紫米馅、黑芝麻馅、紫薯馅、香芋馅等,18,14,"【面包版】牛奶加热,放入干桂花小火煮开,(注:有洁癖的同学可把干桂花冷水冲洗一下下,或煮开后把桂花过滤掉)待温度降到30度左右(不烫手)放入干酵母搅拌溶解,静置5-10分钟左右(可使酵母更好的活化) || 加入面包版本里除了黄油外所有材料,揉成光滑不沾手的面团。因面粉牌子不同,吸水量也不同,请灵活添加牛奶量,放温暖处发酵两倍大(放窗台太阳能照射的地方发的特别快哦⊙∀⊙!大约一小时) || 发好后取出面团按压排气,分成9个50克左右一个。我这次做了方子两倍的量,所以分了50克一个剂子共19个小面团,大小可根据自己的喜好来定,40克一个60克一个都可以(面团的总重量除于你想要的克数或个数)盖好保鲜膜松弛15分钟 || 松弛好后小面团用手按扁,无需擀面杖,四周薄一点,包入喜欢的馅料,像包包子那样封好口不要露馅 || 封口处朝下,轻轻把饼胚按扁,注意:面包胚之间的距离要隔开稍微大一点,因为还要二次发酵变大,靠的很紧的话它们会肌肤相亲成连体面包,哈哈!胚子中间喷少许水,粘上黑芝麻放温暖处进行二次发酵大约一小时,胚子明显变大,轻轻按压可回弹就好了,预热烤箱180度 || 二次发酵好后,在面包胚上盖一张高温油布或烘焙纸,然后在油布上再放个烤盘压住底下的面包胚,进烤箱中层180度15分(参考),温度可根据自家烤箱脾气进行调节 || 烤到两面金黄色,侧面按压回弹就熟了,有肌肤相亲的地方赶紧分解😄,放架子上冷却,冷却好后装入袋子里密封!这款面包冷了后也非常的松软! || 紫薯馅的 || 紫米馅的 || 有没有很好看😄 || 懒人简易平底锅版:取一勺桂花用水泡开,放温到30度取160克桂花水,放入3克酵母搅拌融化,300克面粉倒入160克桂花水揉成光滑的面团,面团表面刷上一层食物油,盖上保鲜膜发酵,发好后揉面排气大概3至4分钟,分成15个小剂子,面皮不要擀太薄稍微擀开就好,包上馅料整理成饼状,进行二次发酵 || 平底锅里刷少许油小火煎两面金黄(盖上锅盖)侧面回弹就好了 || 侧面回弹就熟了 || 成品烤盘压的面包胚要扁一些,因为烤盘的分量比较重的,平底锅烙的成品要厚一些,美观一些,口感都差不多!面包版和简易版的肯定面包版的好吃,因为面包版的材料丰富很多😄😄😄😄"
r0000237,布鲁姆面包,布鲁姆面包,高筋面粉 | 酵母 | 凉水 | 橄榄油 | 盐,5,10,"面粉中放入酵母和盐,两者分开放 || 加入油 || 加入水,用手指画圈搅拌成湿润面团 || 把面团移到硅胶垫上揉面,约10分钟 || 放入碗中室温发酵至2倍大 || 拿出来拍打面团排气,将面团摁压成长方形后,从一端卷起,接口朝上,继续用手指关节挤压面团成长方形,然后折叠,摁压,再折叠,再摁压成长方形,最后用手掌慢慢卷起来 || 二次发酵至两倍大,表面喷水,撒一层面粉,割四五刀 || 烤箱220度预热,烤盘下面再加一个烤盘盛水 || 220度烤20分钟后,调低温度至200度烤15分钟。 || 晾凉切片"
r0000238,粉蒸虾,粉蒸虾,十几只海水虾 | 米粉 | 盐 | 料酒,4,8,"把虾处理一下,去掉虾头、虾线,剪去虾腿;洗净备用 || 用到将虾的背部剖开 || 把虾放到菜板上,用刀拍平 || 用刀尖剁几下,但不要切断,这样更容易腌制入味 || 放入少许盐和料酒,抓匀,腌制5分钟 || 取一个小碗倒入适量米粉,将腌制好的虾均匀裹上一层米粉 || 依次把所有的虾都裹上米粉,摆放碟子内 || 放锅中,大火蒸制10分钟即可"
r0000239,琥珀核桃,琥珀核桃,核桃 | 白砂糖 | 绵砂糖,3,4,白砂糖绵砂糖加水熬制焦黄色 关火 || 导入核桃仁搅拌均匀 出锅 || 铲到盘子里 完成 || 铲到盘子里 完成
r0000240,"学会这道玉米南瓜黄小米粥,能把一年四季都吃进嘴里",黄小米粥,清高沁州黄小米 | 南瓜 | 玉米粒 | 清水,4,6,"清高沁州黄小米洗净,备用; || 南瓜去皮洗净切块,备用; 玉米剥成玉米粒,备用; || 锅中放入适量水,大火煮滚; || 然后放入清高沁州黄小米、南瓜、玉米粒; || 搅匀,中火煮25-30分钟; || 玉米南瓜黄小米粥就完成啦!"
r0000241,土豆丝饼,土豆丝饼,土豆 | 鸡蛋 | 面粉 | 葱花 | 盐 | 少量胡椒粉 | 油 | 按需胡萝卜,8,9,"土豆🥔切细丝,过凉水去淀粉。打入两个鸡蛋🥚,加入适量盐🧂胡椒粉调味。 || 加入葱和适量面粉,面粉可以少加一点,不然显得很厚重。 || 调好的面糊 || 锅烧热,放入适量油,用筷子夹入面糊,调整为自己想要的形状。 || 一面煎金黄后翻面。 || 土豆丝和胡萝卜丝 || 加入两个鸡蛋,葱和少量面粉,盐,可以加一点胡椒粉 || 锅内放入油烧热,小火,用筷子把饼摊开 || 切小块更方便吃"
r0000242,VIVI家潮汕砂锅粥,潮汕砂锅粥,大米 | 干贝 | 虾米 | 排骨 | 潮汕肉饼 | 香菜 | 葱 | 酱油,8,10,"这是准备的材料总图,数量自己把控,不过干贝有点咸,调味的时候要记得试下味道哦! || 家里这个不是东北大米,不过煮出来也不错。如果有东北大米煮粥那种的话,更好。 || 干贝,数量随意哈 || 虾米,每个人买的不一样,多少自己把控。 || 排骨,因为我们是一大一小,所以我没放太多。家里有高压锅的,也可以用高压锅先压一下,那样会更出味。高压锅的话大概压10-15分钟,因为后期还要煮其他东西,压太久拍骨肉分离了。 || 肉饼,这种瘦肉肉饼真的是我家必备的。不管煮,炒,煎,火锅都超好吃的。 || 葱可以切的更小一点,看个人喜欢了。 || 香菜,备用。最后起锅前放。 || 排骨高压锅15分钟,开锅后放大米、干贝煮至大米开花,然后下虾米和肉饼,煮至米汤成粘稠装,注意锅底不要糊了哦!放入葱粒,盐,酱油进行调味,最后再放香菜,关火🔥,搞定!这是成品图。 || 开吃啦!!!"
r0000243,烹饪 | 煎牛小排配芝麻菜沙拉(内附酱汁做法),芝麻菜沙拉,牛小排 | 大蒜 | 百里香 | 黑胡椒/四季胡椒 | 粉盐,5,9,"【准备】冷冻牛排放置20-30分钟,等其恢复常温, || 拭去肉身上多余血水,控干 || 【腌制】加入橄榄油、粉盐、现磨黑胡椒和大蒜、迷迭香,轻轻给牛排两面做massage,让牛排更入味。 || - Tips - 逐量增加佐料。 现磨黑胡椒香味浓郁,但不宜多放,煎糊容易出现苦味。 腌好后最好用保鲜膜包裹放置40分钟。 不要加入任何液体。液体会降低温度,遇油会“啪啪啪...”的溅开,影响肉质。 || 【煎制】开火将铁锅烧热,要烧得非常热,才能做出好的焦化层。 放牛排时,锅里无需放油。因为腌制过程中已经抹过油,且锅里的油温和牛排上温度不同,反而容易焦。 || 图中牛排的厚度大概在2cm,大约在一分钟时翻面或90°旋转方向,每面煎2分钟。翻面后放上切好的黄油和百里香、大蒜提味,煎到喜欢的熟度出锅,推荐五至七分熟。 || 【醒肉】牛排出锅后不要立刻切开,需静置一会。这一步Rest,让牛排休息5分钟,重新锁住肉汁。 【装盘】搭配任意蔬菜、鸡蛋和酱汁等等。 【餐具】牛排锅的选择,建议有条纹的铸铁锅为佳,煎出来的牛排会有迷人的网格纹路,或三层复合底,导热均衡的家常平底铁锅也是不错的选择。 || 图中中牛排所搭配的【芝麻菜沙拉拼盘】、【红酒酱汁】可关注公众号看详细文章。 || 【公众号:极致食鲜】"
r0000244,鲜族风味凉拌牛肉,凉拌牛肉,下面是需要炖牛肉的调料 | 牛腱子 | 大料 | 花椒五粒左右 | 姜 | 葱若干小段 | 香叶 | 下面是需要调的凉拌条料 | 辣椒油 根据自己口味调整 | 咸盐 | 味素 | 大蒜 | 圆葱一大半 | 香菜 | 糖,15,3,"1先把牛腱子切一半为的是更好的入味 不切也可以 我是用了半斤的牛腱子就切了一大盘。 || 然后将所有炖肉的条件与牛肉一起放入锅中 水没过牛肉,大火烧开中小火炖一个半点 || 接下来就是把牛肉晾凉 放在冰箱里,肉实诚了然后切薄片,用新炸好的辣椒油把需要凉拌的调料加入一起即可"
r0000245,芝士焗土豆泥,芝士焗土豆泥,土豆 | 马苏里拉芝士碎 | 盐 | 哈尔滨红肠 | 玉米粒 | 豌豆粒 | 黑胡椒 | 牛奶,8,6,"土豆切片,上锅蒸透。可切薄一些,蒸的快。以筷子能够戳通为标准。我切的厚了点,蒸了半个小时 || 豌豆粒和玉米粒煮熟 || 把哈尔滨红肠切成丁。火腿,培根都可以。家里正好有哈尔滨红肠,所以就地取材,不过确实好香,可能以后再做,还是选这种有烟熏味的肠了。 || 把蒸好的土豆片压成泥,再加入豌豆粒,玉米粒,红肠丁,适量牛奶(建议不要多,不然会稀,可分几次少量加),少量黑胡椒碎,少量盐(因为加了很多红肠丁,我加的低钠盐很少很少,所以我觉得如果盐口淡的人,盐可以忽略不再加了)。我用的是厨师机,所以直接把蒸好的土豆片和其他材料放进搅拌盆里,开一档搅拌的。 || 找一个好看的盘子(鉴于我没有准备烘培碗具,所以所有的碗具都是家里日常用的,忽略它的颜值),把搅拌的好的土豆泥放进去,再在上面撒上芝士碎,我放的有点少了,所以推荐大家不怕腻的话,最好铺满,这样烤出来会好看。 || 烤箱上下管预热200,上管预热200也可。放进去烤10分钟差不多了"
r0000246,相思红豆粥,红豆粥,克红豆。 150 | 克大米。 100 | 颗红枣。 20 | 枸杞,4,4,"红豆洗净,浸泡12小时,我看网上也有说浸泡8小时的,现在秋天了,不知道是不是因为我家红豆时间有些长了,还是天冷,我泡了12小时还是很难煮开。 || 泡到这种程度,看着颜色一看就是豆子喝饱水一样就可以了,再泡也还是这样,我一般都是早晨上班时候泡上,下午下班回家熬粥用刚好🤓 || 把泡好的红豆跟大米放锅里煮上,就可以准备一下红枣了,红枣去核,切开,锅开后转小火,放入红枣慢熬2小时左右。 我一般用的是铁锅煮粥,或者是砂锅,这样熬出来的粥更好喝,也好掌握用量。主要因为家里没有电饭煲,关键我也不太会用...... || 最后看着差不多就可以放些枸杞进去再继续煮半小时左右。慢熬出来的粥就是比外面早点加了淀粉做的粥好喝,更香甜一些。 我煮了两个半小时,红豆还不是开花状态,我考虑可能是锅有点泄气,该收拾了?🧐"
r0000247,椰子水冰摇咖啡,椰子水,浓缩咖啡 | 冰块 | 椰子水 | 可密封梅森杯,4,4,"我用的摩卡壶煮的浓缩咖啡 || 我试过好几个新鲜椰青,试过四个牌子的椰子水,目前维他可可是我最中意的一款,不会太甜抢咖啡的风头 || 将煮好的浓缩咖啡倒入梅森杯中,加六七块冰块,使劲上下摇,高杯中加入满杯冰块,倒入椰子水,然后将咖啡顺着冰块满满倒进椰子水中 || 夏日必备~一起享用吧"
r0000248,堪比每日鲜的胡萝卜汁,胡萝卜汁,胡萝卜 | 水 | 蜂蜜,3,4,"胡萝卜洗净,切丁。 || 煮少许开水,胡萝卜放入筛一下。 || 胡萝卜放入榨汁杯,同时加入少许温水,水量见图。 || 榨汁约2分钟,过滤并加入一小勺蜂蜜搅拌。"
r0000249,青岛脂渣,脂渣,各一坨猪五花、带薄脂猪瘦肉 | 五香粉 | 半锅清水,3,10,"五花肉切片约2厘米厚 瘦肉1.5厘米厚 || 切一指长的块 然后五花切1厘米厚的条 瘦肉半厘米厚的条 || 冷水下锅,煮肉 水要没过肉 || 大火煮开,筛子捞出浮沫 || 待汤水收干 改中火逼油 勤翻动 || 肉变黄 开始下油 改小火 || 金黄色 继续煸到橙黄色 小火 || 橙黄色沥干油出锅,用道具把油挤出去 我用的是豆腐箱 || 挤掉油的肉条入盆 撒五香粉摇均匀 喜欢鲜甜的可以加少量味精 || 吸油纸上晾凉 就可以吃了 优质成品干、脆、香。"
r0000250,秒杀一切港式茶餐厅的麦香奶(laî)油猪(jū),港式茶餐厅,全麦餐包 | 你喜欢就好黄油 | 你喜欢就好炼乳,3,5,"你需要餐包一只,刀一把。没有面包刀?没事,普通刀也凑合。没有刀?也没事,手你总该有了吧,撕起 || 然后你横向切开它,变这样 || 然后就不记得拍照片了...然后你就把软化了的黄油抹在面包的切面上 || 烧热你的平底锅or铸铁锅,不放油,要很热很热哦。把抹了黄油的那一面朝下放进锅里,听见兹啦一声就对了,大概1分钟。要是有烤箱的童鞋用烤箱的烧烤功能(grill),200度大概20秒就好,千万千万看着,糊掉是瞬间的事情。 || 最后拿出你的炼乳,不要犹豫,挤上去。完成"
r0000251,红烧狮子头,红烧狮子头,盐 | 淀粉 | 鸡蛋 | 猪肉末 | 料酒 | 老抽 | 油菜 | 姜末 | 糖 | 五香粉 | 马蹄 | 葱,12,7,"肉末、马蹄末,葱姜末,淀粉,盐糖五香粉料酒,打一个鸡蛋搅拌,顺同一个方向搅拌上劲直至粘稠。 || 抓取一个拳头大小的肉末,双手来回拍打成球,不能搓球。 || 下油锅表面金黄,里面不用炸熟 || 捞出备用0 || 锅底留油下葱姜炒香,加水煮沸下一勺红烧酱油,煮开后下炸好的狮子头,小火盖盖煮20分钟 || 油菜焯水摆盘 || 狮子头捞出摆盘,汤汁勾芡淋在表面"
r0000252,左邻右舍都说好吃的糯米包卷2重口味的看过来,糯米包,糯米 | 鱿鱼 | 腊肠 | 虾米 | 冬菇 | 卤五花肉 | 小麦面粉 | 8酵母粉 | 白糖 | 鸡蛋 | 牛奶 | 玉米油 | 猪油 | 盐 | 蚝油,15,10,"香菇,鱿鱼和糯米提前一个晚上泡水!腊肠需得隔水蒸一下,才比较容易切!五花肉没有拍到?去哪里了呢?也不一定要熟的,生的五花肉更好,作为一个潮州妹子,从小吃猪油的,对猪油有种变态的喜好,觉得猪油做出来的东西,炒出来的菜,都是超级无敌美味的 || 所有材料切成小丁,考一个经常做饭人的刀工来了!必须又快又细! || 先把五花肉煸油,再放腊肠,混合炒个3分钟吧,然后放冬菇,虾米和鱿鱼,站在边上,能听到自己吞口水的声音,太香了!闻到香味后把糯米放进去一起炒,中小火吧,慢慢翻炒,炒到糯米变色, || 炒至大概这样子吧,自己感觉喽 || 上锅蒸一个小时,我全程中大火,比较容易熟,但是很费煤气,没事还是不要做了,伤神呀 || 等待糯米纳凉的时间来和面,自从上次用小麦粉做馒头后觉得口感非常不错之后,我就把其他高低中筋的面粉丢弃了,只用小麦,全麦,不信?你也可以试试,试了之后保证和我一样 || 比较懒,所以这是一发,手揉面真心伤不起,太累了!把两大块面团分成6个团子, || 包起来,反面放着,然后切成自己喜欢的形状和大小 || 切好后放入锅中,静置30分钟左右,拿起来轻飘飘的就可以开火蒸了,全程大火,蒸10分钟,焖3分钟后揭锅,香喷喷热腾腾的糯米包卷就好了 || 喏,一口咬下去,一层五花肉,一层腊肠,一层虾米鱿鱼,这样层次分明的口感,层层叠叠,别提有多香了!你也试试吧"
r0000253,椰汁马蹄千层糕,马蹄千层糕,马蹄粉 | 椰浆 | 牛奶 | 水 | 两砖糖砖 | 白砂糖,6,4,"把两砖糖加3碗水煮成糖水,放凉备用。(不用完全凉了也可以) || 一罐椰浆+白砂糖+子母纯牛奶225ml(或者250ml的牛奶) || 往一盒马蹄粉里慢慢加水,和成粉团,然后把粉团平分成2份。 把粉团分别加到椰浆和冷却了的糖浆里,慢慢搅拌直至粉团完全融化。小黄和小白就现出雏形啦~ 用直径约50cm的金属盘子(这个size蒸一盘刚刚好),在盘底均匀的涂一层油(玉米油),放蒸锅里先热上半分钟。然后淋一层小黄,合上锅盖蒸大概2分钟至刚好成固体状,再淋一层小白。 || 大概每过2分钟加一层。反正记得必须等前面一层凝固了才加一层,否则会混成一团小黄小白傻傻分不清楚。 注意:第一层和最后一层最好都用小黄 最后一层下完后直接蒸上5分钟,出锅后放凉切块就能吃啦~(一定要凉了切)"
r0000254,蒸槐花,,槐花 | 把槐花裹起来就可以面粉 | 左右盐,3,4,"槐花洗干净,泡水 || 沥干水分,放入面粉,在槐花外薄薄裹上一层就可以了,再加入盐,抓散 || 上火蒸,我这里是150克槐花,蒸了10分钟就好 || 配上自己喜欢的蘸料即可"
r0000255,烛光晚餐de黑椒牛排,黑椒牛排,黑胡椒 | 黄油 | 牛排 | 老抽 | 洋葱 | 盐,6,1,"提前将牛排的温度化至室温。加入老抽、盐和黑胡椒腌制半小时。 2、将平底不沾锅加热,放入黄油融化,油温6.7成热放入牛排。不要翻动,一面1分半(1.5cm厚)大概就是7分熟,可以根据自己情况调整时间。 3、让牛排基本保持温度,收汁5分钟,保证牛排的口感。 4、摆盘、浇上黑胡椒汁。"
r0000256,茶树菇炖鸡,茶树菇炖鸡,鸡 | 茶树菇 | 老抽 | 料酒 | 姜 | 蒜 | 淀粉 | 白糖,8,4,"茶树菇提前泡水洗净,我早起做饭,所以前一天晚上就泡上放冰箱冷藏 || 鸡肉用清水泡一小会儿,洗干净 || 切好蒜,姜,热油下锅炒,然后放鸡肉继续炒,加料酒去腥,放入茶树菇,加水没过鸡肉开炖 || 等汤汁快靠干的时候,加糖提鲜,加盐调味,加老抽调色,淋上一碗淀粉,收汁出锅"
r0000257,"【生酮饮食·真酮】中秋快乐蟹黄鸡蛋羹(减肥食谱,一起瘦)",减肥食谱,鸡蛋 | 螃蟹 | 姜 | 温开水 | 海盐 | 小葱,6,12,"准备两只母螃蟹和三个鸡蛋 || 活螃蟹需要处理一下,拿根筷子从螃蟹头顶穿入,它们一会儿就会放弃挣扎了,然后把螃蟹盖子打开。过程残忍我就不放图了,螃蟹都为我们死了,一定要好好享用美食。 || 鸡蛋打到大碗里 || 搅拌均匀,加入海盐 || 缓缓加入温开水,40度左右最佳,没有温度计的,请凭感觉。蛋液和水的比例为1:2,搅拌均匀后过一遍筛。 || 往蛋液里加入蟹黄,蟹壳上和螃蟹上的蟹黄都不要放过。完事将一个蟹壳洗干净 || 姜切碎末 || 姜末放入碗里,搅拌均匀成这个样子,表面那一层就是蟹黄 || 水开后上锅蒸。最好在碗上盖一层保鲜膜,再扎几个小孔。螃蟹被取了蟹黄,但是也可以跟着一起蒸,蟹肉还是可以吃的。 || 蛋液开始凝固时放入洗好的蟹壳 || 整个过程蒸十分钟左右就好了 || 撒点葱花点缀,也可以放入酱油、香油调味"
r0000258,鲜甜美味的蛤蜊丝瓜汤,丝瓜汤,丝瓜 | 蛤蜊 | 姜 | 盐 | 生抽 | 胡椒粉,6,5,"先备好所有的材料,花蛤洗净吐好沙备用,丝瓜切块,姜切条。 || 起锅烧油先放姜炒香,随后放入花蛤炒,差不多开口时放入3-4碗水,盖上锅盖等水滚开花甲开口时把汤倒出盛起(底下的汤不要,可能会有沙)花蛤和汤分开装。 || 起锅烧油,一点点就行,炒一下丝瓜,断生后放入先前的汤,滚五分钟后放入花甲一起煮。 || 加入胡椒粉一勺、盐一勺,再煮1分钟就行啦! || 超好喝呀!"
r0000259,干锅排骨,干锅排骨,排骨 | 洋葱 | 土豆 | 青笋 | 藕 | 蒜 | 姜 | 青椒 | 红椒 | 芹菜 | 干锅底料 | 豆瓣酱,12,7,"将所有材料洗净,切好。排骨切小块,藕、洋葱、青红椒切片,青笋、土豆切条。 || 将排骨汆水。 || 锅内倒油,将土豆、青笋等不易煮熟的菜下锅稍微炸一下再捞出,油保留在锅内。 || 捞出菜后,重新点火,待锅内冒青烟时倒入干锅底料翻炒,并加入蒜、姜、花椒一起爆香。 || 将排骨倒入锅中翻炒,待排骨变色后倒入洋葱、青椒,藕片,以及炸好的菜一起炒。 || 倒入一点水,盖上锅盖,待水焖干后就可以起锅啦。 || 最后在盛好的干锅上撒点芹菜叶子。"
r0000260,梅森瓶之~凯撒沙拉,凯撒沙拉,#【主材】: | 鸡蛋 | 鸡胸肉 | 白吐司/全麦吐司 | 圣女果 | 帕玛森干酪 | 生菜 | #【辅材】: | 橄榄油 | 现磨黑胡椒碎 | 凯撒沙拉酱 | 盐,12,8,"食材如图: || 鸡胸肉横向对半剖开,撒少许现磨黑胡椒碎腌制15分钟。(右图是一整块鸡胸,100克没有这么多)。 || 平底锅倒入少量橄榄油,放入腌制好的鸡胸肉,中火煎至熟透。 || 煎熟的鸡胸肉盛出,切厚片,装盘备用。 || 吐司放入吐司机或者平底锅烘烤至上色,然后切成2厘米见方的小块。 || 鸡蛋煮熟,去壳切成块状。 圣女果对半切开,生菜洗净沥水。所有食材准备完毕,用厨房纸巾擦干水分。 || 装瓶: 1)梅森瓶底部倒入凯撒沙拉汁; 2)然后依次放入圣女果、白煮蛋、鸡胸肉、干酪碎和烤面包块; 3)最后盖上生菜,完成。 || 开瓶食用前上下摇晃几次。条件允许的话,最好倒在大盘子里食用。"
r0000261,艾饼,艾饼,克糯米粉 | 克粘米粉 | 克水 | 艾草 | 冰糖/红糖 | 粽叶 | 芝麻 | 花生 | 油,9,6,"随便摘回来的叶,洗净静置。蒸的时候防止粘底而已。 || 花生压碎或者打碎,然后芝麻和花生放锅炒(花生比较少,个人喜好),炒到有点香味就出锅,出锅之后放糖即可。用不完可以放冰箱冷藏。 || 将艾草剁碎或者搅碎 || 加糯米粉(软性)和粘米粉(硬性),糯米粉多点,粘米粉少点。(喜欢软的可以不加粘米粉,只加糯米粉就可以) || 然后加点油搅拌均匀 || 最后包馅,放电饭锅蒸。"
r0000262,香蕉巧克力马芬,,香蕉 | 鸡蛋 | 牛奶 | 玉米油 | 细砂糖 | 低粉 | 可可粉 | 泡打粉 | 小苏打 | 克坚果 | 克巧克力豆,11,13,"先上一张成品图,满足的不要不要 || 再来一张成品图 || 打包起来送人也是美美哒 || 准备原材料,分离蛋清蛋黄,香蕉扒皮 || 香蕉泥放保鲜袋捣成泥,有颗粒也没关系 || 鸡蛋液打散 || 加入牛奶,玉米油,细砂糖,搅拌 || 加香蕉泥搅拌 || 筛入所有粉类,翻拌到看不见干粉 || 无 || 加法芙娜66%巧克力,可以掰碎点。或者直接用巧克力豆 || 搅拌 || 装八分满,再撒点松子仁,巨香无敌了"
r0000263,蜜汁烤鸡,蜜汁烤鸡,三黄鸡 | 料酒 | 盐 | 洋葱 | 土豆 | 胡萝卜 | 味极鲜 | 老抽 | 蜂蜜 | 十三香 | 黑胡椒粉 | 蒜 | 姜 | 耗油 | 香油 | 百里香 | 迷迭香 | 罗勒 | 苹果醋,19,5,"鸡洗干净,抹一层料酒,再抹一层盐,头和脚塞到肚子里,找一个尖一点的叉子,当仇人一样对这鸡使劲儿戳,直到鸡满身都是看不出来的小洞洞O(∩_∩)O哈!戳越密实越入味 || 洋葱切丝,土豆胡萝卜切块,蒜拍碎,姜切片,跟所有调料混合 || 把鸡跟所有东西放进一个袋子里,扎口,揉虐一下,放保鲜冷藏隔夜,我是放了大概两天,很入味,着急隔夜也成 || 取出,在鸡肚子里塞上研制好的土豆胡萝卜等,用牙签封上口,用味极鲜和蜂蜜1:1调成汁,刷在鸡上,撒适量黑胡椒碎和百里香迷迭香罗勒 || 入烤箱下层200度,烤一个半到两个小时,中间每半小时翻一次面,刷一次蜂蜜汁,最后的时候要注意看火候,上色合适了就加盖锡纸,烤至用叉子戳鸡大腿,轻松就戳进去就是熟了,取出成盘切开食用,配小金橘真是超级美味啊,下次可以尝试一下鸡肚子里放几个金桔,估计也会好吃,有兴趣的可以试下"
r0000264,鸡肉焗饭,鸡肉焗饭,"鸡胸肉 | 西红柿 | 洋葱 | 土豆 | 番茄酱 | 黑胡椒 | 玉米淀粉 | 生抽 | 盐 | 糖 | 玉米粒,胡萝卜丁,青豆 | 一米杯烧的量冷饭 | 大量马苏里拉奶酪碎",13,7,"鸡肉切小块,倒入淀粉,黑胡椒(可以多放点,香)拌匀,腌制15分钟 || 煸炒洋葱,爆香后倒入鸡肉,翻炒至鸡肉变色 || 放入土豆,胡萝卜,玉米粒,青豆粒继续翻炒到断生,加番茄煸炒。 || 等到西红柿变软加水,生抽,番茄酱。盖盖煮到收汁。(不要收太干)加盐糖按照自己口味调味 || 把炒好的料平铺在冷饭上(冷饭平铺在碗底部,不要压实,我烧了1米杯的米,两个人吃) || 烤箱200度,10分钟(这个视各家烤箱而定。我家烤箱我设的是15分钟,结果10分钟芝士就焦黄了,还好我看了一眼) || 关于芝士,就不要吝啬。一包可以全撒上,才够劲。"
r0000265,小狗吐司披萨,吐司披萨,芝士碎 | 吐司 | 披萨酱 | 鲑鱼碎 | 少量海苔,5,10,"取吐司一片,剪去顶部一块,在吐司上先抹上一层披萨酱 || 然后再撒匀鲑鱼碎 || 用多余面包剪出2个不规则椭圆形 || 均匀的撒满芝士碎,放上狗爪 || 烤箱200度预热5分钟,再转180度,放入吐司片,烤8分钟(时间不一定精准,按自己烤箱温度上色程度调整) || 烤到芝士碎融化略上色就可以取出了 || 取少量海苔,剪出眼睛,鼻子 || 贴在吐司披萨合适位置 || 再贴上小狗爪子,基本就完成了 || 成品~"
r0000266,快捷早餐:花胶香菇排骨汤,香菇排骨汤,排骨 | 花胶 | 小香菇 | 香菜 | 一截淮山 | 鸡蛋,6,3,"一锅两胆的隔水炖锅,排骨解冻好,香菇鱼胶不用泡发,直接加入其中一个炖盅,加入适量水(另一个内胆可加入鸡蛋、地瓜之类可以蒸熟食用的食材) || 前一晚调好倒计时,按照起床时间设置,炖盅炖煮时间2小时(倒计时请预留8小时的鱼胶香菇泡发时间,若马上煮的,必须事先泡发鱼胶和香菇) || 起床开锅之后,撒上香菜段加盐即可食用"
r0000267,牛油果鸡蛋烤肠三明治,烤肠,鸡蛋 | 烤肠 | 牛油果 | 盐 | 沙拉 | 面包,6,5,"牛油果切片,码在一片面包上,再挤上沙拉。 || 鸡蛋放油盐平底锅煎好,码在第一步完成的牛油果上。 || 再把烤好的香肠切片码好,上面再码一层牛油果,喜欢吃沙拉的再挤上些沙拉。 || 再放上第二片面包,为更成形,携带也放便,裹上保鲜膜。再拿刀中间切一下。 || 美味,营养丰富的牛油果鸡蛋烤肠三明治完成。"
r0000268,红烧鲫鱼,红烧鲫鱼,鲫鱼 | 蒜瓣 | 姜 | 料酒 | 老抽 | 白糖 | 盐 | 生抽 | 面粉,9,2,"备件,葱切丝,姜切片,辣椒切段,蒜切末。 鲤鱼洗净斜切,便于入味。用少量盐、料酒腌制10分钟大约。 || 炸鲫鱼。至两面金黄,适量油炖煮。加入葱姜蒜花椒,辣椒或者洋葱。8分钟,收汁装盘"
r0000269,懒人版面包机肉松,面包机肉松,瘦肉 | 酱油 | 盐 | 克糖 | 植物油,5,3,"把瘦肉切块2cm*2cm || 高压锅加水没过肉丁,水开后转600瓦火锅档煮10分钟 || 把煮好的肉丁捞起,放入面包机,加入酱油、盐、糖,植物油,开启果酱模式,我用了四次果酱模式做成的。"
r0000270,烤香菇,烤香菇,香菇 | 培根丁 | 奶酪条 | 盐 | 黑胡椒 | 鸡蛋,6,3,"把香菇蒂去干净,当心不要把香菇弄破,, || 在香菇中间的圆洞洞里放一丢丢盐,,把鸡蛋打散,加进去,加培根丁,撒黑胡椒,加奶酪碎,, || 烤箱预热180上下管5分钟,,放中层上下管180度烤15分钟出锅,,"
r0000271,霸王烤鱼,烤鱼,(一斤半左右)鲈鱼或黑鱼 | 大蒜 | 蒜叶 | 小葱 | 姜 | 小米椒 | 各一两根红绿杭椒 | 干辣椒 | 花椒 | 八角 | 洋葱 | 香菜 | 郫县豆瓣 | 蚝油 | 按照个人爱好各取适量配菜,15,11,"将鱼鳍、尾巴剪去,从肚子下方剖开,贴着脊骨一侧把大骨切断一半,把整条鱼摊开展平,在两侧鱼肉上划几刀。 || 在一大碗清水中加入十几颗花椒、两三个八角、四分之一个洋葱丝、三勺黄酒,一小勺盐,搅匀后将鱼整条浸入。 || 蒜和蒜叶根部切粒、葱、姜切末,小米椒、杭椒切小段、郫县豆瓣剁碎。 || 干辣椒剪成小段,香菜切段加一部分小葱末最后装盘用。 || 把鱼从水中捞出,用厨房纸把鱼身上的水吸干,锅中放入半锅油,烧至五成热,拎住鱼头将鱼贴着锅壁慢慢滑入锅内,炸至鱼皮变黄,鱼身定型。 || 把鱼捞出,放在垫了锡纸的烤盘上,撒上孜然粉、辣椒粉、花椒粉,放入预热230度的烤箱上部,烤十分钟左右。 || 将配菜全部在开水中烫熟,铺在盆底。 || 锅内留两大勺油,烧热后先放入蒜粒和蒜叶炒到微黄,再放入豆瓣酱炒出红油,再加葱、姜、辣椒、花椒炒出香味。 || 倒入500ml左右高汤烧开(没有的话清水也可),放入干辣椒段,再次烧开,加适量盐、糖、蚝油调味,倒入水淀粉勾薄芡,再滴少许辣油、麻油、花椒油。 || 将鱼从烤盘上滑入锅内,煮五分钟左右,边煮边把汤汁淋在鱼身上,最后将鱼和汤汁全部倒入盆内。 || 撒上香菜、葱末、花生、芝麻装饰即可。"
r0000272,下饭神器:香辣牛肉橄榄酱,香辣牛肉,300G阳江豆豉 | 左右青橄榄 | 500G牛肉 | 一头大蒜 | 姜 | 生抽 | 老抽 | 根据口味辣椒 | 黑白均可芝麻,9,20,"准备好原料 || 青橄榄去核留肉 || 把橄榄肉绞碎 || 阳江豆豉要用水泡,冷水的话10分钟,如果热水3分钟,然后沥干水分,待用 || 辣椒绞碎 || 肉绞碎 || 芝麻在干锅里炒香,如果是白芝麻,炒至略微发黄即可,盛出待用 || 蒜不用炒太久,有蒜香溢出就可以了,如图。 || 先在锅里倒油(可适量多一点),然后把蒜末、橄榄沫一并倒入,炒至蒜略香即可。 || 再倒入辣椒碎 || 炒至辣味溢出就可以了,也可以适当多炒会,辣椒更香。但注意别胡锅,边炒边搅 || 炒好的辣椒蒜末盛出待用。 || 接下来再倒油,这下炒牛肉。 || 待肉末变色后,依次倒入生抽、老抽,大火煸炒。 || 加入豆豉 || 炒匀后加芝麻。 || 再加入刚盛出来的辣椒蒜末。 || 再大火炒两三分钟就OK啦! || 大蒜绞碎 || 阳江豆豉要用水泡,冷水的话泡上十分钟,热水泡两三分钟即可,然后控干水,待用。"
r0000273,发面饼,发面饼,面粉 | 水 | 酵母,3,10,"三坨面粉,揉好,发酵到两倍大 || 揉成条 || 纠成小剂子 || 擀成饼 || 放进饼铛,两面这样,熟了 || 放一点红糖 || 包好,按平 || 按平 || 有漏糖的 || 还可以"
r0000274,没想到花椰菜也可以如此下饭,椰菜,花菜 | 大番茄 | 大蒜 | 盐 | 生抽 | 糖,6,5,"花椰菜切小朵,焯水备用 || 番茄小块备用 || 热锅爆香蒜片后,放入切好的番茄,煸炒 || 番茄炒烂,放入焯过水的花椰菜,继续翻炒至番茄出水,➕一小汤勺生抽,盖上锅盖转小火焖一会儿 || 加入糖 ,盐调味,装盘。美味的下饭菜,抢着吃。"
r0000275,抹茶蛋黄肉松面包,肉松面包,抹茶粉 | 日式吐司粉 | 低粉 | 酵母 | 细砂糖 | (50克)鸡蛋 | 淡奶油 | 牛奶或水 | 黄油 | 蛋黄肉松馅 | 咸蛋黄 | 肉松 | 2-3匙沙拉酱,13,11,"和面:除黄油外的原料全部投入面包机,1个和面程序(20分钟),揉至面筋扩展、表面光滑。 注:1、我用的是面少的日式吐司粉,这款面粉的特点是面团吸水较慢,出面筋时间较长,而且面团整体水分较大,比较黏,和面时要注意观察面团吸水情况,不能太湿润,也不能太干燥。 2、可以用一般圆面包的配方做,高筋面粉400克,低筋面粉100克,干酵母5-6克,细砂糖80克,盐6克,蛋50克(1个),牛奶220克,淡奶油40克,黄油40-50克。 || 和面+一次发酵:黄油切小块,投入面包机,和面+发酵程序,揉至扩展阶段。 注:1、和面20分钟,以出手套膜为准。 2、判断面团标准:完美的组织薄膜就是面团成型后,拉开有韧性,在灯光下有一层透光的薄膜,撕开的時候,边缘光滑。面团摔打面缸时发出钝响声,面缸干净没有过多附着物,這是判断面团是否揉成的关键依据(来自面少:面少吐司粉的正确打开方式) 3、发酵50分钟-1小时10分钟,以手指实验法测试面团插洞不回缩为标志。 || 排气:基础发酵结束,取出面团简单排气。 || 分割+松弛面团:分割面团,12个(每个约75克);初次揉圆,松弛面团15-20分钟。 注:1、初次揉圆,主要是为了保持面团内的气体。整型的时候,手的力道要轻,不给面团施以太重的外力。 2、松弛面团时,记住盖上保鲜膜和湿布,避免面团变干。 || 成型:取一块面团压扁,彻底排气,并通过两次折叠来排净空气,作出面包的心。 注:通过两次折叠法来做面包的心,比较费事费时,但这样做出来的面包气孔很小,口感扎实、柔软。(本来是做吐司的手法,被我用来做小面包,做出来的面包口感非常好) || 造型:将面团重新揉圆后擀扁,成手掌大小,包入蛋黄肉松馅,收口捏紧,再揉圆,放入圆形模具即可。 || 二次发酵:湿润处发酵50分钟-1个小时,以面包较发酵前1倍大为准。 注:发酵时可在烤箱中放一碗热开水,保持烤箱内的温度和湿度。 || 烤制前准备:发酵结束,刷蛋液,用擀面杖头上沾水后沾些许白芝麻,将白芝麻印在面包表皮中间。 || 烤制:将发酵后的面包放入预热180度的烤箱,中层,上下火,15-20分钟。 注:因为是抹茶口味的面包,为了避免烤制过头,要注意观察面包上色情况,在10分钟左右加盖锡纸。 || 咸蛋黄肉松馅:咸蛋黄上锅蒸5分钟至熟软,出锅后压碎,放入适量肉松拌匀,加入2匙沙拉酱,馅料湿润可捏成团,分成12份待用。 || 面包出炉后,尝一口,柔软厚实的面包,抹茶淡淡的苦香,伴着蛋黄肉松的咸香,实在太好吃!"
r0000276,蒜香味儿咸芥菜疙瘩丝,芥菜疙瘩,咸芥菜疙瘩 | 芝麻 | 半头大蒜 | 食用油 | 老抽,5,7,"咸芥菜疙瘩擦丝,冷水冲洗5-6遍,差不多是正常炒菜的咸度。自己把握下咸度,吃淡一点就多洗几遍。 || 攥干水分,攥得越紧,炒出来口感耐嚼,攥的松一点会留下水分,炒出来是软绵的口感。随意选择。 || 热锅冷油,油稍微多一些,下大蒜碎,煸炒至大蒜金黄 || 下入芥菜丝,用筷子挑散 || 撒入焙熟的白芝麻 || 翻炒,适量浇入油和少量水,改小火,翻炒3分钟左右关火盛出。水越多时间越长,才菜会越软。(也可以加入些老抽提色提香) || 真是边做边流口水的一道菜啊。用来佐粥、面、馒头都非常棒。"
r0000277,香香香的香菜干豆腐卷,干豆腐卷,干豆腐 | 香菜 | 香肠,3,5,"香肠提前煎好,干豆腐切成适宜大小 || 放上香菜、煎好的香肠 || 卷起来用牙签固定 || dangdangdang~一盘干豆腐卷就做好啦 || 下锅放油小火慢煎,至干豆腐煎出脆皮就好了,撒上辣椒面,香!吃的时候别忘了取出牙签!"
r0000278,干豇豆烧排骨,干豇豆烧排骨,干豇豆 | 猪排骨 | 老抽 | 姜 | 花椒 | 八角 | 橘皮,7,5,"把排骨洗好,过水去油,我没有过水,忘了 || 倒油,下姜,花椒,爆香下排骨 || 排骨金黄加入老抽上色,放点糖,八角,橘皮,加水红烧 || 等骨头好了,肉软了,倒入发好的干豇豆,丢入辣椒。翻炒 || 起锅撒点芝麻!"
r0000279,清蒸秋刀鱼,清蒸秋刀鱼,秋刀鱼 | 大葱 | 生姜 | 生抽,4,4,"秋刀鱼清理干净。生姜去皮切丝。放在秋刀鱼的肚子里和旁边。摆在蒸锅上。蒸十五分钟左右。 || 大葱切小段。 || 捞出秋刀鱼,锅里热油,倒入葱白翻炒,再倒入生抽煮开。 || 把调味汁淋在秋刀鱼上。即可。"
r0000280,随缘新疆炒面,新疆炒面,鸡胸肉 | 芹菜 | 豆瓣酱 | 蕃茄酱 | 某辣椒酱 | 爽量干辣椒 | 配菜 | 饱量面,8,5,"预处理鸡肉:切片,不腌。 || 炒酱:热锅冷油,中火,炒香干辣椒,炒入所有酱。 || 炒鸡肉:锅内直接加入鸡肉,翻炒至鸡肉变白。 || 炒芹菜:直接加入芹菜及其他配菜,翻炒熟。 || 炒面:直接加入面,翻炒至酱汁均匀包裹上色。"
r0000281,凉拌辣椒皮蛋,辣椒皮蛋,(根据自己需求)皮蛋 | (根据自己喜好调整)线椒 | (根据自己喜好调整蒜 | 酱油 | 醋 | 盐 | 糖 | 鸡精 | 香油,9,5,"线椒切碎 || 蒜切成蒜蓉(我是用压蒜的工具压的)放入碗中 || 加入少许盐、少许糖、少许鸡精(我十七1:1:1的比例) || 放入酱油和醋,我放了三勺酱油一勺醋,可以根据个人口味调整比例(我喜欢吃醋所以加了一勺醋,妈妈做的版本是不加醋的),之后加入香油搅拌。 || 皮蛋摆盘,放入搅拌好的辣椒。可以再淋点酱油再皮蛋上。"
r0000282,金枪鱼色拉咸蛋黄肉松三明治,,卷心菜 | (100g)金枪鱼 | 咸蛋黄 | 肉松 | 色拉酱 | 芝士 | 吐司,7,6,"咸蛋黄蒸熟,或者微波熟,捣碎加入金枪鱼和肉松拌匀,再加入色拉酱 卷心菜切细丝 || 然后把金枪鱼咸蛋黄肉松色拉均匀的铺在吐司片上 || 再铺上卷心菜丝 || 最后摆上芝士 || 再压上另一片吐司,可以用帕尼尼机压一下,融化的芝士和三明治更配哦(∩_∩) || 切开,哎呀不行,我要去吃了😝"
r0000283,红糖红枣蒸糕,蒸糕,红枣 | 红糖 | 酵母 | 面粉 | 水,5,10,"准备好材料 || 用热水融化红糖,因为家里红糖不够用的片糖,红糖越多,蒸糕颜色越红 || 当水温降到35°C左右,加入酵母,搅拌均匀 || 加入面粉,搅拌均匀,全程要同一个方向搅拌哦 || 红枣切粒 || 加入 || 盖上保鲜膜,发酵至两倍大。刚好我家做好饭,放入电饭煲切了电源,20分钟左右就发酵好了 || 发酵好后,搅拌一下,醒面 || 碟低刷一层油,再放入面糊 || 水开后,再上蒸架,中火蒸25分钟"
r0000284,无骨土豆鸡中翅,,鸡中翅 | 土豆 | 胡萝卜 | 洋葱 | 蒜片 | 马苏里拉奶酪 | 酱油 | 淀粉 | 番茄酱 | 蚝油 | 盐 | 黑胡椒 | 黄油,13,10,"原材料准备 || 鸡中翅拆骨 拆骨的详细方法可以从原菜谱里看 || 洋葱 胡萝卜切成末 || 鸡中翅洗净沥干,加入一勺酱油,半勺蚝油,半勺番茄酱,半勺淀粉,半勺老抽,腌制一个小时(上色) || 鸡中翅腌制中 || 放黄油煸炒胡萝卜和洋葱末,备用 || 将土豆切片,煮软,用调羹压成土豆泥,加入少许盐,马苏里拉奶酪,和炒好的胡萝卜和洋葱末搅拌均匀。用手沾湿,将拌好的土豆泥搓成小长圆形,塞入鸡中翅。 || 锅里倒油,两面煸至金黄即可出锅摆盘。最后还可以洒上一些胡椒粉。 || 原菜谱更详细哦 || 原菜谱更详细哦"
r0000285,番茄肉酱串肠意面,番茄肉酱,西红柿 | 意大利面 | 番茄酱 | 盐 | 姜 | 香葱 | 火腿肠 | 肉馅 | 油菜,9,8,"火腿肠切断,意面7-8根穿过火腿段,根据人员确定面量和火腿肠的用量。 || 番茄去皮切成丁,姜片和香葱备好 || 肉馅最好用生抽腌制一下,加淀粉一勺。早上着急只拍没腌的。 || 坐油,油热后下姜片,香葱,爆出香味,肉馅下锅煸炒变色。 || 下切好的番茄丁,炒至出沙,下3-4勺番茄酱。(可选择在酱料里添加土豆丁和胡萝卜丁,个人建议提前煮好,这样可以节约时间) || 炒酱的同时做水,水开后放一勺盐。 || 下意面,煮制8-10分,依据个人口感! || 面沥水,加入酱料,摆盘,加入几片焯过水的油菜叶,还可以放一个煎蛋,好吃的意面就成功了!"
r0000286,绿豆爽,绿豆爽,克绿豆 | 冰糖或白糖 | 好红糖 | 好地瓜粉,4,3,浸泡脱皮也可以买现成的 || 上锅蒸三十分钟 || 加水白糖红糖地瓜粉在加入蒸好的绿豆
r0000287,"宝宝辅食:香香软嫩的茄子馍,快手美味,宝宝吃不够!12M+",宝宝辅食,"茄子 | 鸡蛋 | 面粉 | 清水 | 植物油 | 一点点盐 | 》茄子,大茄子和小茄子都可以。 | 》因为鸡蛋大小、面粉吸水性都不一样,所以鸡蛋、面粉、水的量大家灵活掌控,最终面糊状态必须是提起筷子,粘稠但可顺滑流动的状态,粘稠到可以挂在茄子片表面。",8,7,"准备好所有食材,将茄子洗净切成薄片,大概 || 5cm左右。 》可以把茄子泡在水里,可避免发黑。 || 在鸡蛋中加入面粉,并准备一份凉白开,把面糊调至打蛋器或筷子挑起较粘稠,但能顺滑流动的状态。 》可加少许盐调味。 || 把茄子薄片放入面糊中,两边都裹上面糊。 || 热锅,倒入少许植物油,放入两边挂满鸡蛋面糊的茄子片,小火烘煎至两边都变成金黄色。 》当晃动平底锅茄子饼可以跟着动时再翻面,然后不断翻面烘煎至变色即可。 || 出锅 || 因为只加了一点点盐,味道比较清淡的,可以搭配一点自制番茄酱。"
r0000288,猪肝炒土豆条(内蒙版),炒土豆条,葱花椒 | 蒜姜 | 猪肝适量八角 | 土豆,4,5,"生猪肝整块清水边泡边清洗两遍 2.切块后再清洗两遍 3.冷水下猪肝块,加入料酒,煮出浮沫,至表面刚刚收紧捞出(如图) 4.猪肝切条备用 || 葱姜蒜切沫备用 || 土豆切条备用 || 锅中倒油,下葱姜蒜,花椒,八角炒香; 2.下土豆条翻炒,加入老抽继续翻炒,过程中加水防止糊锅。 3.加水“加盐“让土豆煮一会,土豆微软下如猪肝条翻炒(爱吃辣的可此时加入尖椒) 4.再适量加水盖锅盖闷一会(可多煮会,北方人吃不惯太嫩的) || 收汁后,根据口味加盐翻炒,撒葱花出锅!"
r0000289,瑞典牛肉丸,牛肉丸,西红柿 | 洋葱 | 大蒜 | 土豆 | 牛肉馅 | 鸡蛋 | 少量蛋黄酱 | 番茄酱 | 黑胡椒 | 少量盐 | 少量糖,11,5,"牛肉馅加鸡蛋和少量油,盐打上劲,挤成丸子.油煎成型 || 锅中炒番茄酱,西红柿,洋葱. || 锅中加200ml水,可放土豆丁 || 汤汁浓稠后下牛肉丸,加一点水,加黑胡椒,盐,糖.收汁 || 盛出牛肉丸挤上蛋黄酱"
r0000290,虎皮鹌鹑蛋红烧肉,虎皮鹌鹑蛋,鹌鹑蛋 | 五花肉 | 八角 | 生抽 | 老抽 | 香叶 | 桂皮 | 葱段 | 黄冰糖,9,18,"新鲜五花肉一斤左右,解馋就行。 || 生鹌鹑蛋10颗,爱吃可多加。 || 姜片,八角,桂皮,香叶适量,葱段忘拍了哦 || 五花肉冷水下锅,加姜片料酒去腥。 || 煮沸撇去浮沫 || 沥水 || 热锅煎至表面金黄 || 留煸炒出的油,加料炒香,后加入黄冰糖炒出糖色 || 将糖色均匀挂到五花肉上 || 加水沫过肉 || 加适量生抽 || 少许老抽 || 大火煮沸转小火煮一小时 || 鹌鹑蛋剥皮 || 煎至表面金黄 || 等离出锅还有十分钟左右加入,否则鹌鹑蛋会消失 || 大火收汁 || 出锅完成"
r0000291,蒸馒头,蒸馒头,酵母 | 面粉 | 水,3,10,"将5克酵母倒入温水中。 || 将酵母水倒入面粉中。 || 揉成圆润光华的面团。 || 然后静置20到30分钟。(温度最好在30到36度以上) || 发酵好以后,如果戳一个洞它不会弹回来。 || 在面板上撒少许薄面,揉至表面光滑若还有气孔话继续揉,直到没有气孔为止。(用刀切开面就可以看见有没有气孔)图上就是有气孔的面。 || 将没有气泡的面揉成长方形,切开,图中切的不太标准(>_<) || 揉成馒头状即可。 || 将馒头底部粘上少许面粉,用潮湿的屉布将馒头盖住,静置20到30分钟。 || 然后开火蒸20分钟。就美味的馒头吃啦!"
r0000292,香葱培根鸡蛋饼,鸡蛋饼,面粉 | 鸡蛋 | 清水 | 盐 | 糖 | 油 | 白胡椒粉 | 培根 | 香葱,9,5,"葱切成葱花,培根切成碎丁。 || 称重面粉,放入适量的盐,油,白胡椒和鸡蛋。 || 加入适量的清水拌匀成面糊后,加入切碎的葱花和培根。 || 锅微热,抹少许油,将面糊倒入锅中,摊成饼状。 || 蛋饼煎至两面微黄后出锅。"
r0000293,小白也会做的脆皮鸡,脆皮鸡,鸡 | 抹匀一只鸡盐 | 个人来定黑胡椒,3,4,"洗到你觉得很干净了,内脏掏光,厨房纸擦干水分,越干越好。然后撒盐,均匀撒下,再酒胡椒粒,当然,喜欢加香料也能加,但我懒,爪子怕糊,裹一下 || 烤箱220度,45-60,视鸡大小决定 || 是不是特别有食欲,又酥脆又香。一只一下就吃光了 || 绝对有颜有味的大菜"
r0000294,橄榄油香煎龙利鱼柳扒,香煎龙利鱼柳,龙利鱼 | 洋葱 | 黑胡椒 | 盐 | 柠檬 | 蒜蓉,6,4,"将盐、磨碎的黑胡椒洒在鱼柳上,铺上柠檬片、洋葱,醃10分钟。 || 放橄榄油、蒜蓉、洋葱下锅炒一下,再放鱼柳煎到2边熟透。 || 最后可以把柠檬也放上去增加香味。 || 上碟了~~😋😋😋😋"
r0000295,老北京炸酱面,老北京炸酱面,猪肉馅 | 葱 | 姜 | 甜面酱,4,3,"放油,放入葱姜末炒香。 || 加入肉馅翻炒,加入甜面酱继续翻炒 || 加入半碗水,一点生抽,一直炖,直到上面浮着一层油。出锅!"
r0000296,麻薯豆沙太阳饼,太阳饼,"糯米粉80g,玉米淀粉20g,水100g,油8g麻薯 | 中筋面粉 | 猪油 | 水 | 糖 | 低筋粉 | 豆沙 | 蛋黄",8,12,"油皮所有材料搅匀揉成团,松弛30分钟,均分成24份 || 酥皮所有材料搅匀揉成团,均分成24份 || 油皮一份揉成球状,压扁,一份酥皮揉成球状,包入油皮中,团成球 || 压扁,用擀面杖擀成长条,卷起,松弛10分钟 || 再次压扁,擀成长条状,卷起,松弛10分钟 || 趁着面团松弛的时间,可以制作麻薯 || 糯米粉,玉米淀粉,油,水,混合均匀,微波炉加热,30秒取出搅拌一次至成为固体,成型就行,不要加热到太硬【我加热2分钟】 || 豆沙、麻薯都分成24份 || 一份豆沙,一份麻薯包入面皮中,收口向下,擀面杖擀稍扁 || 蛋黄打匀,表面刷蛋黄 || 烤箱预热160度,烘烤20分钟出炉 || 我做的不知什么原因,凉了麻薯就会变很硬QAQ所以再吃的时候一定要加热..."
r0000297,红豆吐司,红豆吐司,"中种 | 高筋面粉 | 水 | 盐 | 酵母 | 主面团 | 牛奶 | (60g左右,不够用水补齐)鸡蛋 | 糖 | 黄油 | 红豆馅 | 红豆",12,9,"将中种原料混合,揉成均匀的面团,不需要出膜,揉光滑就好。冷藏发酵至2倍大。我一般揉好先室温发半小时,冷藏一夜就可以用了。 || 将冷藏的中种切成小块,和主面团中除黄油外的材料混合,注意糖盐和酵母分开,揉至扩展后,加黄油至完全。我用面包机15分钟后加黄油,再10分钟就好了。 || 揉好的面团松弛15分钟,分割成3份,滚圆,再松弛15分钟。 || 擀开面团,翻面,卷起约1.5圈,松弛10分钟。 || 将面团擀成长条,翻面,放红豆,头尾不要放,卷起约2~3圈。接口压紧。 || 37度发酵40分钟,到模具9分满左右,按压面团缓慢回弹就好了。 || 烤箱预热180度,烤35分钟。约10分钟加盖锡纸防止上色过重。 || 出炉震一下,立即脱模,放在晾网上晾至体温,放保鲜袋密封好。 || 不加红豆也超级好吃!"
r0000298,青菜豆腐汤,青菜豆腐汤,吃多少放多少颗青菜 | 吃多少放多少块嫩豆腐 | 正常煮汤那么多克盐正 | 地瓜粉 | 酱油,5,4,"豆腐切好下锅煮一下 || 青菜什么的放进去煮一下 || 煮的差不多熟了加酱油和水的地瓜粉倒进去 || 在煮一下子,差不多熟了就ok了"
r0000299,纯牛奶版自制炼乳,自制炼乳,纯牛奶 | 白砂糖,2,4,"准备纯牛奶一包,白砂糖50克,任何牌子的纯牛奶都可以 || 不粘锅里倒入牛奶和糖,开大火煮开,煮开后调中火,这步一定要记住,一直大火会煮糊了的 || 一直不停的搅拌,熬到微微变黄,浓稠状就可以了 || 装碗里或瓶子里,放冰箱冷藏,随吃随取"
r0000300,无糖红薯香蕉饼,香蕉饼,蒸熟红薯 | 糯米粉 | 全麦面粉 | 香蕉 | 牛奶,5,3,"把除香蕉外的其它原料揉成不粘手面团。 || 把面团均分四份,像包包子一样把香蕉泥包入。 || 用电饼铛,先加少量油,再上下火中火煎三分钟左右关火。"
